{
    "$schema": "https://schema.management.azure.com/schemas/2019-04-01/deploymentTemplate.json#",
    "contentVersion": "1.0.0.0",
    "parameters": {
        "servers_zensartrainingserver_name": {
            "defaultValue": "zensartrainingserver",
            "type": "String"
        }
    },
    "variables": {},
    "resources": [
        {
            "type": "Microsoft.Sql/servers",
            "apiVersion": "2020-08-01-preview",
            "name": "[parameters('servers_zensartrainingserver_name')]",
            "location": "uksouth",
            "kind": "v12.0",
            "properties": {
                "administratorLogin": "zensaruser",
                "version": "12.0",
                "publicNetworkAccess": "Enabled"
            }
        },
        {
            "type": "Microsoft.Sql/servers/advisors",
            "apiVersion": "2014-04-01",
            "name": "[concat(parameters('servers_zensartrainingserver_name'), '/CreateIndex')]",
            "dependsOn": [
                "[resourceId('Microsoft.Sql/servers', parameters('servers_zensartrainingserver_name'))]"
            ],
            "properties": {
                "autoExecuteValue": "Disabled"
            }
        },
        {
            "type": "Microsoft.Sql/servers/advisors",
            "apiVersion": "2014-04-01",
            "name": "[concat(parameters('servers_zensartrainingserver_name'), '/DbParameterization')]",
            "dependsOn": [
                "[resourceId('Microsoft.Sql/servers', parameters('servers_zensartrainingserver_name'))]"
            ],
            "properties": {
                "autoExecuteValue": "Disabled"
            }
        },
        {
            "type": "Microsoft.Sql/servers/advisors",
            "apiVersion": "2014-04-01",
            "name": "[concat(parameters('servers_zensartrainingserver_name'), '/DefragmentIndex')]",
            "dependsOn": [
                "[resourceId('Microsoft.Sql/servers', parameters('servers_zensartrainingserver_name'))]"
            ],
            "properties": {
                "autoExecuteValue": "Disabled"
            }
        },
        {
            "type": "Microsoft.Sql/servers/advisors",
            "apiVersion": "2014-04-01",
            "name": "[concat(parameters('servers_zensartrainingserver_name'), '/DropIndex')]",
            "dependsOn": [
                "[resourceId('Microsoft.Sql/servers', parameters('servers_zensartrainingserver_name'))]"
            ],
            "properties": {
                "autoExecuteValue": "Disabled"
            }
        },
        {
            "type": "Microsoft.Sql/servers/advisors",
            "apiVersion": "2014-04-01",
            "name": "[concat(parameters('servers_zensartrainingserver_name'), '/ForceLastGoodPlan')]",
            "dependsOn": [
                "[resourceId('Microsoft.Sql/servers', parameters('servers_zensartrainingserver_name'))]"
            ],
            "properties": {
                "autoExecuteValue": "Enabled"
            }
        },
        {
            "type": "Microsoft.Sql/servers/auditingPolicies",
            "apiVersion": "2014-04-01",
            "name": "[concat(parameters('servers_zensartrainingserver_name'), '/Default')]",
            "location": "UK South",
            "dependsOn": [
                "[resourceId('Microsoft.Sql/servers', parameters('servers_zensartrainingserver_name'))]"
            ],
            "properties": {
                "auditingState": "Disabled"
            }
        },
        {
            "type": "Microsoft.Sql/servers/auditingSettings",
            "apiVersion": "2020-08-01-preview",
            "name": "[concat(parameters('servers_zensartrainingserver_name'), '/Default')]",
            "dependsOn": [
                "[resourceId('Microsoft.Sql/servers', parameters('servers_zensartrainingserver_name'))]"
            ],
            "properties": {
                "retentionDays": 0,
                "auditActionsAndGroups": [],
                "isStorageSecondaryKeyInUse": false,
                "isAzureMonitorTargetEnabled": false,
                "state": "Disabled",
                "storageAccountSubscriptionId": "00000000-0000-0000-0000-000000000000"
            }
        },
        {
            "type": "Microsoft.Sql/servers/databases",
            "apiVersion": "2020-08-01-preview",
            "name": "[concat(parameters('servers_zensartrainingserver_name'), '/Staging Database')]",
            "location": "uksouth",
            "dependsOn": [
                "[resourceId('Microsoft.Sql/servers', parameters('servers_zensartrainingserver_name'))]"
            ],
            "sku": {
                "name": "GP_S_Gen5",
                "tier": "GeneralPurpose",
                "family": "Gen5",
                "capacity": 1
            },
            "kind": "v12.0,user,vcore,serverless",
            "properties": {
                "collation": "SQL_Latin1_General_CP1_CI_AS",
                "maxSizeBytes": 268435456000,
                "catalogCollation": "SQL_Latin1_General_CP1_CI_AS",
                "zoneRedundant": false,
                "readScale": "Disabled",
                "autoPauseDelay": 60,
                "storageAccountType": "GRS",
                "minCapacity": 0.5,
                "maintenanceConfigurationId": "/subscriptions/2cd59c1a-f8c5-487f-af3d-6b911a0376ce/providers/Microsoft.Maintenance/publicMaintenanceConfigurations/SQL_Default"
            }
        },
        {
            "type": "Microsoft.Sql/servers/databases",
            "apiVersion": "2020-08-01-preview",
            "name": "[concat(parameters('servers_zensartrainingserver_name'), '/Zensar Training Database')]",
            "location": "uksouth",
            "dependsOn": [
                "[resourceId('Microsoft.Sql/servers', parameters('servers_zensartrainingserver_name'))]"
            ],
            "sku": {
                "name": "GP_S_Gen5",
                "tier": "GeneralPurpose",
                "family": "Gen5",
                "capacity": 1
            },
            "kind": "v12.0,user,vcore,serverless",
            "properties": {
                "collation": "SQL_Latin1_General_CP1_CI_AS",
                "maxSizeBytes": 268435456000,
                "catalogCollation": "SQL_Latin1_General_CP1_CI_AS",
                "zoneRedundant": false,
                "readScale": "Disabled",
                "autoPauseDelay": 60,
                "storageAccountType": "GRS",
                "minCapacity": 0.5,
                "maintenanceConfigurationId": "/subscriptions/2cd59c1a-f8c5-487f-af3d-6b911a0376ce/providers/Microsoft.Maintenance/publicMaintenanceConfigurations/SQL_Default"
            }
        },
        {
            "type": "Microsoft.Sql/servers/databases/auditingPolicies",
            "apiVersion": "2014-04-01",
            "name": "[concat(parameters('servers_zensartrainingserver_name'), '/master/Default')]",
            "location": "UK South",
            "dependsOn": [
                "[resourceId('Microsoft.Sql/servers', parameters('servers_zensartrainingserver_name'))]"
            ],
            "properties": {
                "auditingState": "Disabled"
            }
        },
        {
            "type": "Microsoft.Sql/servers/databases/auditingSettings",
            "apiVersion": "2020-08-01-preview",
            "name": "[concat(parameters('servers_zensartrainingserver_name'), '/master/Default')]",
            "dependsOn": [
                "[resourceId('Microsoft.Sql/servers', parameters('servers_zensartrainingserver_name'))]"
            ],
            "properties": {
                "retentionDays": 0,
                "isAzureMonitorTargetEnabled": false,
                "state": "Disabled",
                "storageAccountSubscriptionId": "00000000-0000-0000-0000-000000000000"
            }
        },
        {
            "type": "Microsoft.Sql/servers/databases/extendedAuditingSettings",
            "apiVersion": "2020-08-01-preview",
            "name": "[concat(parameters('servers_zensartrainingserver_name'), '/master/Default')]",
            "dependsOn": [
                "[resourceId('Microsoft.Sql/servers', parameters('servers_zensartrainingserver_name'))]"
            ],
            "properties": {
                "retentionDays": 0,
                "isAzureMonitorTargetEnabled": false,
                "state": "Disabled",
                "storageAccountSubscriptionId": "00000000-0000-0000-0000-000000000000"
            }
        },
        {
            "type": "Microsoft.Sql/servers/databases/geoBackupPolicies",
            "apiVersion": "2014-04-01",
            "name": "[concat(parameters('servers_zensartrainingserver_name'), '/master/Default')]",
            "location": "UK South",
            "dependsOn": [
                "[resourceId('Microsoft.Sql/servers', parameters('servers_zensartrainingserver_name'))]"
            ],
            "properties": {
                "state": "Disabled"
            }
        },
        {
            "type": "Microsoft.Sql/servers/databases/securityAlertPolicies",
            "apiVersion": "2020-08-01-preview",
            "name": "[concat(parameters('servers_zensartrainingserver_name'), '/master/Default')]",
            "dependsOn": [
                "[resourceId('Microsoft.Sql/servers', parameters('servers_zensartrainingserver_name'))]"
            ],
            "properties": {
                "state": "Disabled"
            }
        },
        {
            "type": "Microsoft.Sql/servers/databases/transparentDataEncryption",
            "apiVersion": "2014-04-01",
            "name": "[concat(parameters('servers_zensartrainingserver_name'), '/master/current')]",
            "location": "UK South",
            "dependsOn": [
                "[resourceId('Microsoft.Sql/servers', parameters('servers_zensartrainingserver_name'))]"
            ],
            "properties": {
                "status": "Disabled"
            }
        },
        {
            "type": "Microsoft.Sql/servers/databases/vulnerabilityAssessments",
            "apiVersion": "2020-08-01-preview",
            "name": "[concat(parameters('servers_zensartrainingserver_name'), '/master/Default')]",
            "dependsOn": [
                "[resourceId('Microsoft.Sql/servers', parameters('servers_zensartrainingserver_name'))]"
            ],
            "properties": {
                "recurringScans": {
                    "isEnabled": false,
                    "emailSubscriptionAdmins": true
                }
            }
        },
        {
            "type": "Microsoft.Sql/servers/devOpsAuditingSettings",
            "apiVersion": "2020-08-01-preview",
            "name": "[concat(parameters('servers_zensartrainingserver_name'), '/Default')]",
            "dependsOn": [
                "[resourceId('Microsoft.Sql/servers', parameters('servers_zensartrainingserver_name'))]"
            ],
            "properties": {
                "isAzureMonitorTargetEnabled": false,
                "state": "Disabled",
                "storageAccountSubscriptionId": "00000000-0000-0000-0000-000000000000"
            }
        },
        {
            "type": "Microsoft.Sql/servers/encryptionProtector",
            "apiVersion": "2020-08-01-preview",
            "name": "[concat(parameters('servers_zensartrainingserver_name'), '/current')]",
            "dependsOn": [
                "[resourceId('Microsoft.Sql/servers', parameters('servers_zensartrainingserver_name'))]"
            ],
            "kind": "servicemanaged",
            "properties": {
                "serverKeyName": "ServiceManaged",
                "serverKeyType": "ServiceManaged",
                "autoRotationEnabled": false
            }
        },
        {
            "type": "Microsoft.Sql/servers/extendedAuditingSettings",
            "apiVersion": "2020-08-01-preview",
            "name": "[concat(parameters('servers_zensartrainingserver_name'), '/Default')]",
            "dependsOn": [
                "[resourceId('Microsoft.Sql/servers', parameters('servers_zensartrainingserver_name'))]"
            ],
            "properties": {
                "retentionDays": 0,
                "auditActionsAndGroups": [],
                "isStorageSecondaryKeyInUse": false,
                "isAzureMonitorTargetEnabled": false,
                "state": "Disabled",
                "storageAccountSubscriptionId": "00000000-0000-0000-0000-000000000000"
            }
        },
        {
            "type": "Microsoft.Sql/servers/firewallRules",
            "apiVersion": "2020-08-01-preview",
            "name": "[concat(parameters('servers_zensartrainingserver_name'), '/Abhijeet IP')]",
            "dependsOn": [
                "[resourceId('Microsoft.Sql/servers', parameters('servers_zensartrainingserver_name'))]"
            ],
            "properties": {
                "startIpAddress": "193.201.160.34",
                "endIpAddress": "193.201.160.34"
            }
        },
        {
            "type": "Microsoft.Sql/servers/firewallRules",
            "apiVersion": "2020-08-01-preview",
            "name": "[concat(parameters('servers_zensartrainingserver_name'), '/Abhijeet Personal Laptop')]",
            "dependsOn": [
                "[resourceId('Microsoft.Sql/servers', parameters('servers_zensartrainingserver_name'))]"
            ],
            "properties": {
                "startIpAddress": "103.208.71.56",
                "endIpAddress": "103.208.71.56"
            }
        },
        {
            "type": "Microsoft.Sql/servers/firewallRules",
            "apiVersion": "2020-08-01-preview",
            "name": "[concat(parameters('servers_zensartrainingserver_name'), '/AbhijeetLocal')]",
            "dependsOn": [
                "[resourceId('Microsoft.Sql/servers', parameters('servers_zensartrainingserver_name'))]"
            ],
            "properties": {
                "startIpAddress": "208.87.233.201",
                "endIpAddress": "208.87.233.201"
            }
        },
        {
            "type": "Microsoft.Sql/servers/firewallRules",
            "apiVersion": "2020-08-01-preview",
            "name": "[concat(parameters('servers_zensartrainingserver_name'), '/AllowAllWindowsAzureIps')]",
            "dependsOn": [
                "[resourceId('Microsoft.Sql/servers', parameters('servers_zensartrainingserver_name'))]"
            ],
            "properties": {
                "startIpAddress": "0.0.0.0",
                "endIpAddress": "0.0.0.0"
            }
        },
        {
            "type": "Microsoft.Sql/servers/firewallRules",
            "apiVersion": "2020-08-01-preview",
            "name": "[concat(parameters('servers_zensartrainingserver_name'), '/ClientIp-2021-3-31_12-47-28')]",
            "dependsOn": [
                "[resourceId('Microsoft.Sql/servers', parameters('servers_zensartrainingserver_name'))]"
            ],
            "properties": {
                "startIpAddress": "49.36.167.5",
                "endIpAddress": "49.36.167.5"
            }
        },
        {
            "type": "Microsoft.Sql/servers/firewallRules",
            "apiVersion": "2020-08-01-preview",
            "name": "[concat(parameters('servers_zensartrainingserver_name'), '/ClientIPAddress_2021-03-31_07:29:47')]",
            "dependsOn": [
                "[resourceId('Microsoft.Sql/servers', parameters('servers_zensartrainingserver_name'))]"
            ],
            "properties": {
                "startIpAddress": "106.204.193.200",
                "endIpAddress": "106.204.193.200"
            }
        },
        {
            "type": "Microsoft.Sql/servers/firewallRules",
            "apiVersion": "2020-08-01-preview",
            "name": "[concat(parameters('servers_zensartrainingserver_name'), '/ClientIPAddress_2021-03-31_10:52:20')]",
            "dependsOn": [
                "[resourceId('Microsoft.Sql/servers', parameters('servers_zensartrainingserver_name'))]"
            ],
            "properties": {
                "startIpAddress": "106.204.202.61",
                "endIpAddress": "106.204.202.61"
            }
        },
        {
            "type": "Microsoft.Sql/servers/firewallRules",
            "apiVersion": "2020-08-01-preview",
            "name": "[concat(parameters('servers_zensartrainingserver_name'), '/ClientIPAddress_2021-04-01_05:09:43')]",
            "dependsOn": [
                "[resourceId('Microsoft.Sql/servers', parameters('servers_zensartrainingserver_name'))]"
            ],
            "properties": {
                "startIpAddress": "106.204.202.20",
                "endIpAddress": "106.204.202.20"
            }
        },
        {
            "type": "Microsoft.Sql/servers/firewallRules",
            "apiVersion": "2020-08-01-preview",
            "name": "[concat(parameters('servers_zensartrainingserver_name'), '/ClientIPAddress_2021-04-01_09:43:32')]",
            "dependsOn": [
                "[resourceId('Microsoft.Sql/servers', parameters('servers_zensartrainingserver_name'))]"
            ],
            "properties": {
                "startIpAddress": "106.192.2.209",
                "endIpAddress": "106.192.2.209"
            }
        },
        {
            "type": "Microsoft.Sql/servers/firewallRules",
            "apiVersion": "2020-08-01-preview",
            "name": "[concat(parameters('servers_zensartrainingserver_name'), '/ClientIPAddress_2021-04-01_12:58:20')]",
            "dependsOn": [
                "[resourceId('Microsoft.Sql/servers', parameters('servers_zensartrainingserver_name'))]"
            ],
            "properties": {
                "startIpAddress": "106.192.134.137",
                "endIpAddress": "106.192.134.137"
            }
        },
        {
            "type": "Microsoft.Sql/servers/firewallRules",
            "apiVersion": "2020-08-01-preview",
            "name": "[concat(parameters('servers_zensartrainingserver_name'), '/ClientIPAddress_2021-04-07_04:33:41')]",
            "dependsOn": [
                "[resourceId('Microsoft.Sql/servers', parameters('servers_zensartrainingserver_name'))]"
            ],
            "properties": {
                "startIpAddress": "106.220.111.45",
                "endIpAddress": "106.220.111.45"
            }
        },
        {
            "type": "Microsoft.Sql/servers/firewallRules",
            "apiVersion": "2020-08-01-preview",
            "name": "[concat(parameters('servers_zensartrainingserver_name'), '/ClientIPAddress_2021-4-1_10-49-5')]",
            "dependsOn": [
                "[resourceId('Microsoft.Sql/servers', parameters('servers_zensartrainingserver_name'))]"
            ],
            "properties": {
                "startIpAddress": "103.208.71.165",
                "endIpAddress": "103.208.71.165"
            }
        },
        {
            "type": "Microsoft.Sql/servers/firewallRules",
            "apiVersion": "2020-08-01-preview",
            "name": "[concat(parameters('servers_zensartrainingserver_name'), '/ClientIPAddress_2021-4-1_12-20-12')]",
            "dependsOn": [
                "[resourceId('Microsoft.Sql/servers', parameters('servers_zensartrainingserver_name'))]"
            ],
            "properties": {
                "startIpAddress": "103.208.71.165",
                "endIpAddress": "103.208.71.165"
            }
        },
        {
            "type": "Microsoft.Sql/servers/firewallRules",
            "apiVersion": "2020-08-01-preview",
            "name": "[concat(parameters('servers_zensartrainingserver_name'), '/ClientIPAddress_2021-4-1_12-20-15')]",
            "dependsOn": [
                "[resourceId('Microsoft.Sql/servers', parameters('servers_zensartrainingserver_name'))]"
            ],
            "properties": {
                "startIpAddress": "103.208.71.165",
                "endIpAddress": "103.208.71.165"
            }
        },
        {
            "type": "Microsoft.Sql/servers/firewallRules",
            "apiVersion": "2020-08-01-preview",
            "name": "[concat(parameters('servers_zensartrainingserver_name'), '/ClientIPAddress_2021-4-5_22-22-0')]",
            "dependsOn": [
                "[resourceId('Microsoft.Sql/servers', parameters('servers_zensartrainingserver_name'))]"
            ],
            "properties": {
                "startIpAddress": "103.208.71.56",
                "endIpAddress": "103.208.71.56"
            }
        },
        {
            "type": "Microsoft.Sql/servers/firewallRules",
            "apiVersion": "2020-08-01-preview",
            "name": "[concat(parameters('servers_zensartrainingserver_name'), '/Somyata''IP')]",
            "dependsOn": [
                "[resourceId('Microsoft.Sql/servers', parameters('servers_zensartrainingserver_name'))]"
            ],
            "properties": {
                "startIpAddress": "116.50.59.180",
                "endIpAddress": "116.50.59.180"
            }
        },
        {
            "type": "Microsoft.Sql/servers/keys",
            "apiVersion": "2020-08-01-preview",
            "name": "[concat(parameters('servers_zensartrainingserver_name'), '/ServiceManaged')]",
            "dependsOn": [
                "[resourceId('Microsoft.Sql/servers', parameters('servers_zensartrainingserver_name'))]"
            ],
            "kind": "servicemanaged",
            "properties": {
                "serverKeyType": "ServiceManaged"
            }
        },
        {
            "type": "Microsoft.Sql/servers/securityAlertPolicies",
            "apiVersion": "2020-08-01-preview",
            "name": "[concat(parameters('servers_zensartrainingserver_name'), '/Default')]",
            "dependsOn": [
                "[resourceId('Microsoft.Sql/servers', parameters('servers_zensartrainingserver_name'))]"
            ],
            "properties": {
                "state": "Enabled"
            }
        },
        {
            "type": "Microsoft.Sql/servers/vulnerabilityAssessments",
            "apiVersion": "2020-08-01-preview",
            "name": "[concat(parameters('servers_zensartrainingserver_name'), '/Default')]",
            "dependsOn": [
                "[resourceId('Microsoft.Sql/servers', parameters('servers_zensartrainingserver_name'))]"
            ],
            "properties": {
                "storageContainerPath": "https://sqlvaddu2d3rs6qpls.blob.core.windows.net/vulnerability-assessment/",
                "recurringScans": {
                    "isEnabled": true,
                    "emailSubscriptionAdmins": true,
                    "emails": []
                }
            }
        },
        {
            "type": "Microsoft.Sql/servers/databases/advisors",
            "apiVersion": "2014-04-01",
            "name": "[concat(parameters('servers_zensartrainingserver_name'), '/Zensar Training Database/CreateIndex')]",
            "dependsOn": [
                "[resourceId('Microsoft.Sql/servers/databases', parameters('servers_zensartrainingserver_name'), 'Zensar Training Database')]",
                "[resourceId('Microsoft.Sql/servers', parameters('servers_zensartrainingserver_name'))]"
            ],
            "properties": {
                "autoExecuteValue": "Disabled"
            }
        },
        {
            "type": "Microsoft.Sql/servers/databases/advisors",
            "apiVersion": "2014-04-01",
            "name": "[concat(parameters('servers_zensartrainingserver_name'), '/Zensar Training Database/DbParameterization')]",
            "dependsOn": [
                "[resourceId('Microsoft.Sql/servers/databases', parameters('servers_zensartrainingserver_name'), 'Zensar Training Database')]",
                "[resourceId('Microsoft.Sql/servers', parameters('servers_zensartrainingserver_name'))]"
            ],
            "properties": {
                "autoExecuteValue": "Disabled"
            }
        },
        {
            "type": "Microsoft.Sql/servers/databases/advisors",
            "apiVersion": "2014-04-01",
            "name": "[concat(parameters('servers_zensartrainingserver_name'), '/Zensar Training Database/DefragmentIndex')]",
            "dependsOn": [
                "[resourceId('Microsoft.Sql/servers/databases', parameters('servers_zensartrainingserver_name'), 'Zensar Training Database')]",
                "[resourceId('Microsoft.Sql/servers', parameters('servers_zensartrainingserver_name'))]"
            ],
            "properties": {
                "autoExecuteValue": "Disabled"
            }
        },
        {
            "type": "Microsoft.Sql/servers/databases/advisors",
            "apiVersion": "2014-04-01",
            "name": "[concat(parameters('servers_zensartrainingserver_name'), '/Zensar Training Database/DropIndex')]",
            "dependsOn": [
                "[resourceId('Microsoft.Sql/servers/databases', parameters('servers_zensartrainingserver_name'), 'Zensar Training Database')]",
                "[resourceId('Microsoft.Sql/servers', parameters('servers_zensartrainingserver_name'))]"
            ],
            "properties": {
                "autoExecuteValue": "Disabled"
            }
        },
        {
            "type": "Microsoft.Sql/servers/databases/advisors",
            "apiVersion": "2014-04-01",
            "name": "[concat(parameters('servers_zensartrainingserver_name'), '/Zensar Training Database/ForceLastGoodPlan')]",
            "dependsOn": [
                "[resourceId('Microsoft.Sql/servers/databases', parameters('servers_zensartrainingserver_name'), 'Zensar Training Database')]",
                "[resourceId('Microsoft.Sql/servers', parameters('servers_zensartrainingserver_name'))]"
            ],
            "properties": {
                "autoExecuteValue": "Enabled"
            }
        },
        {
            "type": "Microsoft.Sql/servers/databases/auditingPolicies",
            "apiVersion": "2014-04-01",
            "name": "[concat(parameters('servers_zensartrainingserver_name'), '/Staging Database/Default')]",
            "location": "UK South",
            "dependsOn": [
                "[resourceId('Microsoft.Sql/servers/databases', parameters('servers_zensartrainingserver_name'), 'Staging Database')]",
                "[resourceId('Microsoft.Sql/servers', parameters('servers_zensartrainingserver_name'))]"
            ],
            "properties": {
                "auditingState": "Disabled"
            }
        },
        {
            "type": "Microsoft.Sql/servers/databases/auditingPolicies",
            "apiVersion": "2014-04-01",
            "name": "[concat(parameters('servers_zensartrainingserver_name'), '/Zensar Training Database/Default')]",
            "location": "UK South",
            "dependsOn": [
                "[resourceId('Microsoft.Sql/servers/databases', parameters('servers_zensartrainingserver_name'), 'Zensar Training Database')]",
                "[resourceId('Microsoft.Sql/servers', parameters('servers_zensartrainingserver_name'))]"
            ],
            "properties": {
                "auditingState": "Disabled"
            }
        },
        {
            "type": "Microsoft.Sql/servers/databases/auditingSettings",
            "apiVersion": "2020-08-01-preview",
            "name": "[concat(parameters('servers_zensartrainingserver_name'), '/Staging Database/Default')]",
            "dependsOn": [
                "[resourceId('Microsoft.Sql/servers/databases', parameters('servers_zensartrainingserver_name'), 'Staging Database')]",
                "[resourceId('Microsoft.Sql/servers', parameters('servers_zensartrainingserver_name'))]"
            ],
            "properties": {
                "retentionDays": 0,
                "isAzureMonitorTargetEnabled": false,
                "state": "Disabled",
                "storageAccountSubscriptionId": "00000000-0000-0000-0000-000000000000"
            }
        },
        {
            "type": "Microsoft.Sql/servers/databases/auditingSettings",
            "apiVersion": "2020-08-01-preview",
            "name": "[concat(parameters('servers_zensartrainingserver_name'), '/Zensar Training Database/Default')]",
            "dependsOn": [
                "[resourceId('Microsoft.Sql/servers/databases', parameters('servers_zensartrainingserver_name'), 'Zensar Training Database')]",
                "[resourceId('Microsoft.Sql/servers', parameters('servers_zensartrainingserver_name'))]"
            ],
            "properties": {
                "retentionDays": 0,
                "isAzureMonitorTargetEnabled": false,
                "state": "Disabled",
                "storageAccountSubscriptionId": "00000000-0000-0000-0000-000000000000"
            }
        },
        {
            "type": "Microsoft.Sql/servers/databases/backupLongTermRetentionPolicies",
            "apiVersion": "2020-08-01-preview",
            "name": "[concat(parameters('servers_zensartrainingserver_name'), '/Staging Database/default')]",
            "dependsOn": [
                "[resourceId('Microsoft.Sql/servers/databases', parameters('servers_zensartrainingserver_name'), 'Staging Database')]",
                "[resourceId('Microsoft.Sql/servers', parameters('servers_zensartrainingserver_name'))]"
            ],
            "properties": {
                "weeklyRetention": "PT0S",
                "monthlyRetention": "PT0S",
                "yearlyRetention": "PT0S",
                "weekOfYear": 0
            }
        },
        {
            "type": "Microsoft.Sql/servers/databases/backupLongTermRetentionPolicies",
            "apiVersion": "2020-08-01-preview",
            "name": "[concat(parameters('servers_zensartrainingserver_name'), '/Zensar Training Database/default')]",
            "dependsOn": [
                "[resourceId('Microsoft.Sql/servers/databases', parameters('servers_zensartrainingserver_name'), 'Zensar Training Database')]",
                "[resourceId('Microsoft.Sql/servers', parameters('servers_zensartrainingserver_name'))]"
            ],
            "properties": {
                "weeklyRetention": "PT0S",
                "monthlyRetention": "PT0S",
                "yearlyRetention": "PT0S",
                "weekOfYear": 0
            }
        },
        {
            "type": "Microsoft.Sql/servers/databases/backupShortTermRetentionPolicies",
            "apiVersion": "2020-08-01-preview",
            "name": "[concat(parameters('servers_zensartrainingserver_name'), '/Staging Database/default')]",
            "dependsOn": [
                "[resourceId('Microsoft.Sql/servers/databases', parameters('servers_zensartrainingserver_name'), 'Staging Database')]",
                "[resourceId('Microsoft.Sql/servers', parameters('servers_zensartrainingserver_name'))]"
            ],
            "properties": {
                "retentionDays": 7
            }
        },
        {
            "type": "Microsoft.Sql/servers/databases/backupShortTermRetentionPolicies",
            "apiVersion": "2020-08-01-preview",
            "name": "[concat(parameters('servers_zensartrainingserver_name'), '/Zensar Training Database/default')]",
            "dependsOn": [
                "[resourceId('Microsoft.Sql/servers/databases', parameters('servers_zensartrainingserver_name'), 'Zensar Training Database')]",
                "[resourceId('Microsoft.Sql/servers', parameters('servers_zensartrainingserver_name'))]"
            ],
            "properties": {
                "retentionDays": 7
            }
        },
        {
            "type": "Microsoft.Sql/servers/databases/extendedAuditingSettings",
            "apiVersion": "2020-08-01-preview",
            "name": "[concat(parameters('servers_zensartrainingserver_name'), '/Staging Database/Default')]",
            "dependsOn": [
                "[resourceId('Microsoft.Sql/servers/databases', parameters('servers_zensartrainingserver_name'), 'Staging Database')]",
                "[resourceId('Microsoft.Sql/servers', parameters('servers_zensartrainingserver_name'))]"
            ],
            "properties": {
                "retentionDays": 0,
                "isAzureMonitorTargetEnabled": false,
                "state": "Disabled",
                "storageAccountSubscriptionId": "00000000-0000-0000-0000-000000000000"
            }
        },
        {
            "type": "Microsoft.Sql/servers/databases/extendedAuditingSettings",
            "apiVersion": "2020-08-01-preview",
            "name": "[concat(parameters('servers_zensartrainingserver_name'), '/Zensar Training Database/Default')]",
            "dependsOn": [
                "[resourceId('Microsoft.Sql/servers/databases', parameters('servers_zensartrainingserver_name'), 'Zensar Training Database')]",
                "[resourceId('Microsoft.Sql/servers', parameters('servers_zensartrainingserver_name'))]"
            ],
            "properties": {
                "retentionDays": 0,
                "isAzureMonitorTargetEnabled": false,
                "state": "Disabled",
                "storageAccountSubscriptionId": "00000000-0000-0000-0000-000000000000"
            }
        },
        {
            "type": "Microsoft.Sql/servers/databases/geoBackupPolicies",
            "apiVersion": "2014-04-01",
            "name": "[concat(parameters('servers_zensartrainingserver_name'), '/Staging Database/Default')]",
            "location": "UK South",
            "dependsOn": [
                "[resourceId('Microsoft.Sql/servers/databases', parameters('servers_zensartrainingserver_name'), 'Staging Database')]",
                "[resourceId('Microsoft.Sql/servers', parameters('servers_zensartrainingserver_name'))]"
            ],
            "properties": {
                "state": "Enabled"
            }
        },
        {
            "type": "Microsoft.Sql/servers/databases/geoBackupPolicies",
            "apiVersion": "2014-04-01",
            "name": "[concat(parameters('servers_zensartrainingserver_name'), '/Zensar Training Database/Default')]",
            "location": "UK South",
            "dependsOn": [
                "[resourceId('Microsoft.Sql/servers/databases', parameters('servers_zensartrainingserver_name'), 'Zensar Training Database')]",
                "[resourceId('Microsoft.Sql/servers', parameters('servers_zensartrainingserver_name'))]"
            ],
            "properties": {
                "state": "Enabled"
            }
        },
        {
            "type": "Microsoft.Sql/servers/databases/securityAlertPolicies",
            "apiVersion": "2020-08-01-preview",
            "name": "[concat(parameters('servers_zensartrainingserver_name'), '/Staging Database/Default')]",
            "dependsOn": [
                "[resourceId('Microsoft.Sql/servers/databases', parameters('servers_zensartrainingserver_name'), 'Staging Database')]",
                "[resourceId('Microsoft.Sql/servers', parameters('servers_zensartrainingserver_name'))]"
            ],
            "properties": {
                "state": "Disabled"
            }
        },
        {
            "type": "Microsoft.Sql/servers/databases/securityAlertPolicies",
            "apiVersion": "2020-08-01-preview",
            "name": "[concat(parameters('servers_zensartrainingserver_name'), '/Zensar Training Database/Default')]",
            "dependsOn": [
                "[resourceId('Microsoft.Sql/servers/databases', parameters('servers_zensartrainingserver_name'), 'Zensar Training Database')]",
                "[resourceId('Microsoft.Sql/servers', parameters('servers_zensartrainingserver_name'))]"
            ],
            "properties": {
                "state": "Disabled"
            }
        },
        {
            "type": "Microsoft.Sql/servers/databases/transparentDataEncryption",
            "apiVersion": "2014-04-01",
            "name": "[concat(parameters('servers_zensartrainingserver_name'), '/Staging Database/current')]",
            "location": "UK South",
            "dependsOn": [
                "[resourceId('Microsoft.Sql/servers/databases', parameters('servers_zensartrainingserver_name'), 'Staging Database')]",
                "[resourceId('Microsoft.Sql/servers', parameters('servers_zensartrainingserver_name'))]"
            ],
            "properties": {
                "status": "Enabled"
            }
        },
        {
            "type": "Microsoft.Sql/servers/databases/transparentDataEncryption",
            "apiVersion": "2014-04-01",
            "name": "[concat(parameters('servers_zensartrainingserver_name'), '/Zensar Training Database/current')]",
            "location": "UK South",
            "dependsOn": [
                "[resourceId('Microsoft.Sql/servers/databases', parameters('servers_zensartrainingserver_name'), 'Zensar Training Database')]",
                "[resourceId('Microsoft.Sql/servers', parameters('servers_zensartrainingserver_name'))]"
            ],
            "properties": {
                "status": "Enabled"
            }
        },
        {
            "type": "Microsoft.Sql/servers/databases/vulnerabilityAssessments",
            "apiVersion": "2020-08-01-preview",
            "name": "[concat(parameters('servers_zensartrainingserver_name'), '/Staging Database/Default')]",
            "dependsOn": [
                "[resourceId('Microsoft.Sql/servers/databases', parameters('servers_zensartrainingserver_name'), 'Staging Database')]",
                "[resourceId('Microsoft.Sql/servers', parameters('servers_zensartrainingserver_name'))]"
            ],
            "properties": {
                "recurringScans": {
                    "isEnabled": false,
                    "emailSubscriptionAdmins": true,
                    "emails": []
                }
            }
        },
        {
            "type": "Microsoft.Sql/servers/databases/vulnerabilityAssessments",
            "apiVersion": "2020-08-01-preview",
            "name": "[concat(parameters('servers_zensartrainingserver_name'), '/Zensar Training Database/Default')]",
            "dependsOn": [
                "[resourceId('Microsoft.Sql/servers/databases', parameters('servers_zensartrainingserver_name'), 'Zensar Training Database')]",
                "[resourceId('Microsoft.Sql/servers', parameters('servers_zensartrainingserver_name'))]"
            ],
            "properties": {
                "recurringScans": {
                    "isEnabled": false,
                    "emailSubscriptionAdmins": true,
                    "emails": []
                }
            }
        }
    ]
}