<ImportExportXml xmlns:xsi="http://www.w3.org/2001/XMLSchema-instance">
  <Entities>
    <Entity>
      <Name LocalizedName="Account" OriginalName="">Account</Name>
      <EntityInfo>
        <entity Name="Account">
          <attributes>
            <attribute PhysicalName="dev_CustomButton">
              <Type>nvarchar</Type>
              <Name>dev_custombutton</Name>
              <LogicalName>dev_custombutton</LogicalName>
              <RequiredLevel>none</RequiredLevel>
              <DisplayMask>ValidForAdvancedFind|ValidForForm|ValidForGrid</DisplayMask>
              <ImeMode>auto</ImeMode>
              <ValidForUpdateApi>1</ValidForUpdateApi>
              <ValidForReadApi>1</ValidForReadApi>
              <ValidForCreateApi>1</ValidForCreateApi>
              <IsCustomField>1</IsCustomField>
              <IsAuditEnabled>1</IsAuditEnabled>
              <IsSecured>0</IsSecured>
              <IntroducedVersion>1.0</IntroducedVersion>
              <IsCustomizable>1</IsCustomizable>
              <IsRenameable>1</IsRenameable>
              <CanModifySearchSettings>1</CanModifySearchSettings>
              <CanModifyRequirementLevelSettings>1</CanModifyRequirementLevelSettings>
              <CanModifyAdditionalSettings>1</CanModifyAdditionalSettings>
              <SourceType>0</SourceType>
              <IsGlobalFilterEnabled>0</IsGlobalFilterEnabled>
              <IsSortableEnabled>0</IsSortableEnabled>
              <CanModifyGlobalFilterSettings>1</CanModifyGlobalFilterSettings>
              <CanModifyIsSortableSettings>1</CanModifyIsSortableSettings>
              <IsDataSourceSecret>0</IsDataSourceSecret>
              <AutoNumberFormat></AutoNumberFormat>
              <IsSearchable>0</IsSearchable>
              <IsFilterable>0</IsFilterable>
              <IsRetrievable>0</IsRetrievable>
              <IsLocalizable>0</IsLocalizable>
              <Format>text</Format>
              <MaxLength>100</MaxLength>
              <Length>200</Length>
              <displaynames>
                <displayname description="Custom Button" languagecode="1033" />
              </displaynames>
              <Descriptions>
                <Description description="" languagecode="1033" />
              </Descriptions>
            </attribute>
            <attribute PhysicalName="dev_PASTarget">
              <Type>picklist</Type>
              <Name>dev_pastarget</Name>
              <LogicalName>dev_pastarget</LogicalName>
              <RequiredLevel>none</RequiredLevel>
              <DisplayMask>ValidForAdvancedFind|ValidForForm|ValidForGrid</DisplayMask>
              <ImeMode>auto</ImeMode>
              <ValidForUpdateApi>1</ValidForUpdateApi>
              <ValidForReadApi>1</ValidForReadApi>
              <ValidForCreateApi>1</ValidForCreateApi>
              <IsCustomField>1</IsCustomField>
              <IsAuditEnabled>1</IsAuditEnabled>
              <IsSecured>0</IsSecured>
              <IntroducedVersion>1.0</IntroducedVersion>
              <IsCustomizable>1</IsCustomizable>
              <IsRenameable>1</IsRenameable>
              <CanModifySearchSettings>1</CanModifySearchSettings>
              <CanModifyRequirementLevelSettings>1</CanModifyRequirementLevelSettings>
              <CanModifyAdditionalSettings>1</CanModifyAdditionalSettings>
              <SourceType>0</SourceType>
              <IsGlobalFilterEnabled>0</IsGlobalFilterEnabled>
              <IsSortableEnabled>0</IsSortableEnabled>
              <CanModifyGlobalFilterSettings>1</CanModifyGlobalFilterSettings>
              <CanModifyIsSortableSettings>1</CanModifyIsSortableSettings>
              <IsDataSourceSecret>0</IsDataSourceSecret>
              <AutoNumberFormat></AutoNumberFormat>
              <IsSearchable>0</IsSearchable>
              <IsFilterable>0</IsFilterable>
              <IsRetrievable>0</IsRetrievable>
              <IsLocalizable>0</IsLocalizable>
              <AppDefaultValue>-1</AppDefaultValue>
              <optionset Name="dev_account_dev_pastarget">
                <OptionSetType>picklist</OptionSetType>
                <IntroducedVersion>1.0</IntroducedVersion>
                <IsCustomizable>1</IsCustomizable>
                <displaynames>
                  <displayname description="PAS Target" languagecode="1033" />
                </displaynames>
                <Descriptions>
                  <Description description="" languagecode="1033" />
                </Descriptions>
                <options>
                  <option value="293050000" ExternalValue="" Color="#0000ff">
                    <labels>
                      <label description="IFace" languagecode="1033" />
                    </labels>
                  </option>
                  <option value="293050001" ExternalValue="" Color="#0000ff">
                    <labels>
                      <label description="PC" languagecode="1033" />
                    </labels>
                  </option>
                  <option value="293050002" ExternalValue="" Color="#0000ff">
                    <labels>
                      <label description="P8" languagecode="1033" />
                    </labels>
                  </option>
                </options>
              </optionset>
              <displaynames>
                <displayname description="PAS Target" languagecode="1033" />
              </displaynames>
              <Descriptions>
                <Description description="" languagecode="1033" />
              </Descriptions>
            </attribute>
            <attribute PhysicalName="OpenDeals">
              <Type>int</Type>
              <Name>opendeals</Name>
              <LogicalName>opendeals</LogicalName>
              <RequiredLevel>none</RequiredLevel>
              <DisplayMask>ValidForAdvancedFind|ValidForForm|ValidForGrid</DisplayMask>
              <ImeMode>auto</ImeMode>
              <ValidForUpdateApi>0</ValidForUpdateApi>
              <ValidForReadApi>1</ValidForReadApi>
              <ValidForCreateApi>0</ValidForCreateApi>
              <IsCustomField>0</IsCustomField>
              <IsAuditEnabled>0</IsAuditEnabled>
              <IsSecured>1</IsSecured>
              <IntroducedVersion>7.0.0.0</IntroducedVersion>
              <SourceType>2</SourceType>
              <IsGlobalFilterEnabled>0</IsGlobalFilterEnabled>
              <IsSortableEnabled>0</IsSortableEnabled>
              <IsDataSourceSecret>0</IsDataSourceSecret>
              <AutoNumberFormat></AutoNumberFormat>
              <IsSearchable>0</IsSearchable>
              <IsFilterable>0</IsFilterable>
              <IsRetrievable>0</IsRetrievable>
              <IsLocalizable>0</IsLocalizable>
              <Format></Format>
              <MinValue>-2147483648</MinValue>
              <MaxValue>2147483647</MaxValue>
              <displaynames>
                <displayname description="Open Deals" languagecode="1033" />
              </displaynames>
              <Descriptions>
                <Description description="Number of open opportunities against an account and its child accounts." languagecode="1033" />
              </Descriptions>
              <FormulaDefinitionFileName>/Formulas/account-opendeals.xaml</FormulaDefinitionFileName>
            </attribute>
            <attribute PhysicalName="OpenRevenue">
              <Type>money</Type>
              <Name>openrevenue</Name>
              <LogicalName>openrevenue</LogicalName>
              <RequiredLevel>none</RequiredLevel>
              <DisplayMask>ValidForAdvancedFind|ValidForForm|ValidForGrid</DisplayMask>
              <ImeMode>auto</ImeMode>
              <ValidForUpdateApi>0</ValidForUpdateApi>
              <ValidForReadApi>1</ValidForReadApi>
              <ValidForCreateApi>0</ValidForCreateApi>
              <IsCustomField>0</IsCustomField>
              <IsAuditEnabled>0</IsAuditEnabled>
              <IsSecured>1</IsSecured>
              <IntroducedVersion>7.0.0.0</IntroducedVersion>
              <SourceType>2</SourceType>
              <IsGlobalFilterEnabled>0</IsGlobalFilterEnabled>
              <IsSortableEnabled>0</IsSortableEnabled>
              <IsDataSourceSecret>0</IsDataSourceSecret>
              <AutoNumberFormat></AutoNumberFormat>
              <IsSearchable>0</IsSearchable>
              <IsFilterable>0</IsFilterable>
              <IsRetrievable>0</IsRetrievable>
              <IsLocalizable>0</IsLocalizable>
              <MinValue>-922337203685477</MinValue>
              <MaxValue>922337203685477</MaxValue>
              <Accuracy>2</Accuracy>
              <AccuracySource>2</AccuracySource>
              <displaynames>
                <displayname description="Open Revenue" languagecode="1033" />
              </displaynames>
              <Descriptions>
                <Description description="Sum of open revenue against an account and its child accounts." languagecode="1033" />
              </Descriptions>
              <FormulaDefinitionFileName>/Formulas/account-openrevenue.xaml</FormulaDefinitionFileName>
            </attribute>
          </attributes>
          <EntitySetName>accounts</EntitySetName>
          <IsDuplicateCheckSupported>1</IsDuplicateCheckSupported>
          <IsBusinessProcessEnabled>1</IsBusinessProcessEnabled>
          <IsRequiredOffline>0</IsRequiredOffline>
          <IsInteractionCentricEnabled>1</IsInteractionCentricEnabled>
          <IsCollaboration>0</IsCollaboration>
          <AutoRouteToOwnerQueue>0</AutoRouteToOwnerQueue>
          <IsConnectionsEnabled>1</IsConnectionsEnabled>
          <EntityColor>#794300</EntityColor>
          <IsDocumentManagementEnabled>1</IsDocumentManagementEnabled>
          <AutoCreateAccessTeams>0</AutoCreateAccessTeams>
          <IsOneNoteIntegrationEnabled>1</IsOneNoteIntegrationEnabled>
          <IsKnowledgeManagementEnabled>0</IsKnowledgeManagementEnabled>
          <IsSLAEnabled>0</IsSLAEnabled>
          <IsDocumentRecommendationsEnabled>0</IsDocumentRecommendationsEnabled>
          <IsBPFEntity>0</IsBPFEntity>
          <OwnershipTypeMask>UserOwned</OwnershipTypeMask>
          <EntityMask>ActivityPointer</EntityMask>
          <IsAuditEnabled>0</IsAuditEnabled>
          <IsRetrieveAuditEnabled>0</IsRetrieveAuditEnabled>
          <IsRetrieveMultipleAuditEnabled>0</IsRetrieveMultipleAuditEnabled>
          <IsActivity>0</IsActivity>
          <ActivityTypeMask></ActivityTypeMask>
          <IsActivityParty>1</IsActivityParty>
          <IsReplicated>1</IsReplicated>
          <IsReplicationUserFiltered>1</IsReplicationUserFiltered>
          <IsMailMergeEnabled>1</IsMailMergeEnabled>
          <IsVisibleInMobile>1</IsVisibleInMobile>
          <IsVisibleInMobileClient>1</IsVisibleInMobileClient>
          <IsReadOnlyInMobileClient>0</IsReadOnlyInMobileClient>
          <IsOfflineInMobileClient>1</IsOfflineInMobileClient>
          <DaysSinceRecordLastModified>0</DaysSinceRecordLastModified>
          <MobileOfflineFilters>&lt;fetch version="1.0" output-format="xml-platform" mapping="logical" distinct="false"&gt;&lt;entity name="account"&gt;&lt;/entity&gt;&lt;/fetch&gt;</MobileOfflineFilters>
          <IsMapiGridEnabled>1</IsMapiGridEnabled>
          <IsReadingPaneEnabled>1</IsReadingPaneEnabled>
          <IsQuickCreateEnabled>1</IsQuickCreateEnabled>
          <SyncToExternalSearchIndex>1</SyncToExternalSearchIndex>
          <IntroducedVersion>5.0.0.0</IntroducedVersion>
          <EnforceStateTransitions>0</EnforceStateTransitions>
          <EntityHelpUrlEnabled>0</EntityHelpUrlEnabled>
          <ChangeTrackingEnabled>1</ChangeTrackingEnabled>
          <IsEnabledForExternalChannels>1</IsEnabledForExternalChannels>
          <IsSolutionAware>0</IsSolutionAware>
          <HasRelatedNotes>True</HasRelatedNotes>
          <HasRelatedActivities>True</HasRelatedActivities>
        </entity>
      </EntityInfo>
      <FormXml>
        <forms type="main">
          <systemform>
            <formid>{ff49442f-8c60-4877-bdae-8fe51e6f4636}</formid>
            <IntroducedVersion>1.0</IntroducedVersion>
            <FormPresentation>0</FormPresentation>
            <FormActivationState>1</FormActivationState>
            <form>
              <tabs>
                <tab name="SUMMARY_TAB" id="{3fbb0e51-c6a6-42a1-8113-3b19558132f2}" IsUserDefined="0" showlabel="false" expanded="true" locklevel="0" labelid="{2f560d24-d34e-4924-bea4-0a8b7a4795f1}" ordinalvalue="1" solutionaction="Modified" />
                <tab name="DETAILS_TAB" id="{d76404cc-4248-474a-bc6a-8fb250ef6268}" IsUserDefined="0" showlabel="true" expanded="true" labelid="{0e36d881-8032-4ac0-b8c0-1eefd8165f88}" ordinalvalue="2" solutionaction="Modified" />
                <tab name="tab_recordwall" id="{e94e6ac4-12db-bc8c-ec81-8b20c5987655}" IsUserDefined="0" locklevel="0" showlabel="true" expanded="false" labelid="{0c20683c-7d4e-4eac-bd3d-56ba2407a339}" ordinalvalue="0" solutionaction="Added">
                  <labels>
                    <label description="What's New" languagecode="1033" />
                  </labels>
                  <columns>
                    <column width="100%" id="0">
                      <sections>
                        <section name="tab_recordwall_section_1" showlabel="false" showbar="false" locklevel="0" id="{ac0addcc-a626-6c98-40ee-b11edac36204}" IsUserDefined="0" layout="varwidth" columns="1" labelwidth="115" celllabelalignment="Left" celllabelposition="Left" labelid="{47ae5793-d7fb-4f1b-a353-c0b6a4ee873c}" ordinalvalue="0">
                          <labels>
                            <label description="Section" languagecode="1033" />
                          </labels>
                          <rows>
                            <row>
                              <cell id="{be13b312-b6ac-83d7-34e1-e90dc1ecbec7}" showlabel="false" colspan="1" auto="false" rowspan="15" labelid="{94fd35b0-947e-47b2-a12e-81436d7e9d39}" ordinalvalue="10000">
                                <labels>
                                  <label description="RecordWall" languagecode="1033" />
                                </labels>
                                <control id="WebResource_RecordWall" classid="{9FDF5F91-88B1-47f4-AD53-C11EFC01A01D}">
                                  <parameters>
                                    <Url>msdyn_/RecordWall.htm</Url>
                                    <PassParameters>true</PassParameters>
                                    <Security>false</Security>
                                    <Scrolling>auto</Scrolling>
                                    <Border>false</Border>
                                  </parameters>
                                </control>
                                <events>
                                  <event name="onload" application="0">
                                    <dependencies />
                                  </event>
                                </events>
                              </cell>
                            </row>
                            <row />
                            <row />
                            <row />
                            <row />
                            <row />
                            <row />
                            <row />
                            <row />
                            <row />
                            <row />
                            <row />
                            <row />
                            <row />
                            <row />
                          </rows>
                        </section>
                      </sections>
                    </column>
                  </columns>
                  <events>
                    <event name="tabstatechange" application="false" active="false">
                      <Handlers>
                        <Handler functionName="ActivityFeeds.Form.CustomizationUtils.updateRecordWallRenderingState" libraryName="msdyn_/ActivityFeeds.Form.js" handlerUniqueId="{9beb6ce6-2666-8033-a406-3d68d44b9592}" enabled="true" parameters="" passExecutionContext="true" ordinalvalue="0" />
                      </Handlers>
                    </event>
                  </events>
                </tab>
              </tabs>
              <formLibraries solutionaction="Added">
                <Library name="msdyn_/ActivityFeeds.Form.js" libraryUniqueId="{4181da4c-6d13-ba3c-c859-be404e4ee2e3}" />
              </formLibraries>
            </form>
            <LocalizedNames>
              <LocalizedName description="Account for Multisession experience" languagecode="1033" />
            </LocalizedNames>
            <Descriptions>
              <Description description="Default Multisession experience Account form." languagecode="1033" />
            </Descriptions>
          </systemform>
          <systemform>
            <formid>{b053a39a-041a-4356-acef-ddf00182762b}</formid>
            <IntroducedVersion>5.0.0.0</IntroducedVersion>
            <FormPresentation>0</FormPresentation>
            <FormActivationState>0</FormActivationState>
            <form showImage="true">
              <tabs>
                <tab name="tab_recordwall" id="{e94e6ac4-12db-bc8c-ec81-8b20c5987655}" IsUserDefined="0" locklevel="0" showlabel="true" expanded="false" labelid="{cc9dcecf-f503-4da3-bfa9-9e7a0e40c060}" ordinalvalue="0" solutionaction="Modified">
                  <columns>
                    <column width="100%" id="0">
                      <sections>
                        <section name="tab_recordwall_section_1" showlabel="false" showbar="false" locklevel="0" id="{ac0addcc-a626-6c98-40ee-b11edac36204}" IsUserDefined="0" layout="varwidth" columns="1" labelwidth="115" celllabelalignment="Left" celllabelposition="Left" labelid="{729541c6-72c9-4f32-aa14-afb264af2e5c}" ordinalvalue="0" solutionaction="Modified">
                          <rows>
                            <row>
                              <cell id="{be13b312-b6ac-83d7-34e1-e90dc1ecbec7}" showlabel="false" colspan="1" auto="false" rowspan="15" labelid="{37d3b617-550d-42c1-9cc1-76a558295423}" ordinalvalue="10000" solutionaction="Modified" />
                            </row>
                          </rows>
                        </section>
                      </sections>
                    </column>
                  </columns>
                </tab>
                <tab name="general" verticallayout="true" id="{13b0fbf2-e596-4dc5-919b-7a0aea72598b}" IsUserDefined="0" ordinalvalue="1">
                  <columns>
                    <column width="100%" id="0">
                      <sections>
                        <section name="account information" showlabel="false" showbar="false" id="{407c4e29-b766-4efb-986c-f4c1d9be75ce}" IsUserDefined="0" ordinalvalue="0">
                          <rows>
                            <row>
                              <cell id="{ea0b806e-b8ff-474e-a676-962a67ec191d}" ordinalvalue="10000">
                                <labels>
                                  <label description="Account Name" languagecode="1033" solutionaction="Added" />
                                </labels>
                              </cell>
                              <cell id="{10b26e53-bc30-481a-982e-3f70c476cd6a}" ordinalvalue="20001">
                                <labels>
                                  <label description="Main Phone" languagecode="1033" solutionaction="Added" />
                                </labels>
                              </cell>
                            </row>
                            <row>
                              <cell id="{414469ee-8334-476e-ae58-8ac4692d03eb}" ordinalvalue="10002">
                                <labels>
                                  <label description="Primary Contact" languagecode="1033" solutionaction="Added" />
                                </labels>
                              </cell>
                              <cell id="{6ad12b41-f944-4536-b710-0223a9cd0e25}" ordinalvalue="20003">
                                <labels>
                                  <label description="Other Phone" languagecode="1033" solutionaction="Added" />
                                </labels>
                              </cell>
                            </row>
                            <row>
                              <cell id="{4c14f897-986a-40dc-a7ba-df7801d13f01}" ordinalvalue="10004">
                                <labels>
                                  <label description="Account Number" languagecode="1033" solutionaction="Added" />
                                </labels>
                              </cell>
                              <cell id="{c5fd4d12-00d0-45d1-9e60-595d27c4f4fc}" ordinalvalue="20005">
                                <labels>
                                  <label description="Fax" languagecode="1033" solutionaction="Added" />
                                </labels>
                              </cell>
                            </row>
                            <row>
                              <cell id="{a8a9ce07-fda7-4329-8c1f-abf5cf028319}" ordinalvalue="10006">
                                <labels>
                                  <label description="Parent Account" languagecode="1033" solutionaction="Added" />
                                </labels>
                              </cell>
                              <cell id="{b0d69ad5-9803-48bd-b7ff-145ace4093e5}" ordinalvalue="20007">
                                <labels>
                                  <label description="Website" languagecode="1033" solutionaction="Added" />
                                </labels>
                              </cell>
                            </row>
                            <row>
                              <cell id="{dd9cfe1d-a28a-4626-b56c-a247b5c7b759}" ordinalvalue="10008">
                                <labels>
                                  <label description="Email" languagecode="1033" solutionaction="Added" />
                                </labels>
                              </cell>
                            </row>
                          </rows>
                        </section>
                        <section name="description" showlabel="true" showbar="true" id="{371fc62b-6e62-4cad-9f70-76da338b39a3}" IsUserDefined="0" height="auto" ordinalvalue="3">
                          <rows>
                            <row>
                              <cell colspan="2" showlabel="false" rowspan="5" auto="true" id="{679a0c59-4a19-4383-95a6-0df4d8b7dafa}" ordinalvalue="10000">
                                <labels>
                                  <label description="Description" languagecode="1033" solutionaction="Added" />
                                </labels>
                              </cell>
                            </row>
                          </rows>
                        </section>
                      </sections>
                    </column>
                  </columns>
                </tab>
                <tab name="details" id="{e8642bdb-3b0b-4ce4-bcca-646d04e856cb}" IsUserDefined="0" ordinalvalue="2">
                  <columns>
                    <column width="100%" id="0">
                      <sections>
                        <section name="professional information" showlabel="true" showbar="true" id="{2bb37cd5-2d02-47cc-8464-27e5aa1c400d}" IsUserDefined="0" ordinalvalue="0">
                          <rows>
                            <row>
                              <cell colspan="2" id="{cc9400cb-5058-460d-a8e3-8ca46fe1b00c}" ordinalvalue="10000">
                                <labels>
                                  <label description="Industry" languagecode="1033" solutionaction="Added" />
                                </labels>
                              </cell>
                            </row>
                            <row>
                              <cell id="{b0dd608d-2913-43dc-9f37-386239b8c8ca}" ordinalvalue="10001">
                                <labels>
                                  <label description="Annual Revenue" languagecode="1033" solutionaction="Added" />
                                </labels>
                              </cell>
                              <cell id="{27022de3-5e5e-4d79-a540-0e99c54f2ea4}" ordinalvalue="20002">
                                <labels>
                                  <label description="Ownership" languagecode="1033" solutionaction="Added" />
                                </labels>
                              </cell>
                            </row>
                            <row>
                              <cell id="{20355ff9-a398-4f97-8fc9-86ad60b4de78}" ordinalvalue="10003">
                                <labels>
                                  <label description="Number of Employees" languagecode="1033" solutionaction="Added" />
                                </labels>
                              </cell>
                              <cell id="{ca60d618-c7f6-4dff-86bb-c80a4bf4383f}" ordinalvalue="20004">
                                <labels>
                                  <label description="Ticker Symbol" languagecode="1033" solutionaction="Added" />
                                </labels>
                              </cell>
                            </row>
                            <row>
                              <cell id="{cec04501-3f93-40ab-afb3-3fba3bd15547}" ordinalvalue="10005">
                                <labels>
                                  <label description="SIC Code" languagecode="1033" solutionaction="Added" />
                                </labels>
                              </cell>
                            </row>
                          </rows>
                        </section>
                        <section name="description" id="{22c54202-b263-46e5-9676-47112c3be47d}" ordinalvalue="1">
                          <rows>
                            <row>
                              <cell id="{2f4ffee8-4252-4343-8657-76ad64a3c0a0}" ordinalvalue="10000">
                                <labels>
                                  <label description="Territory" languagecode="1033" solutionaction="Added" />
                                </labels>
                              </cell>
                            </row>
                            <row>
                              <cell id="{e869b293-84be-4743-a71a-fe6eca532aad}" ordinalvalue="10002">
                                <labels>
                                  <label description="Category" languagecode="1033" solutionaction="Added" />
                                </labels>
                              </cell>
                            </row>
                            <row>
                              <cell id="{75231669-b6e4-42c1-98fa-ed1fd2d4091b}" ordinalvalue="10004">
                                <labels>
                                  <label description="Relationship Type" languagecode="1033" solutionaction="Added" />
                                </labels>
                              </cell>
                            </row>
                          </rows>
                        </section>
                        <section name="billing information" id="{0243b19c-f88a-410c-9d90-0862142c56e2}" ordinalvalue="2">
                          <rows>
                            <row>
                              <cell id="{33b5e3cb-6765-4cea-b1a6-b7fa071e942f}" ordinalvalue="10000">
                                <labels>
                                  <label description="Currency" languagecode="1033" solutionaction="Added" />
                                </labels>
                              </cell>
                              <cell id="{98872a67-595f-4a39-93fc-628a0d4aec4e}" ordinalvalue="20001">
                                <labels>
                                  <label description="Payment Terms" languagecode="1033" solutionaction="Added" />
                                </labels>
                              </cell>
                            </row>
                            <row>
                              <cell id="{b978afe4-1145-4d11-b73d-2d3a75674628}" ordinalvalue="10002">
                                <labels>
                                  <label description="Credit Limit" languagecode="1033" solutionaction="Added" />
                                </labels>
                              </cell>
                            </row>
                            <row>
                              <cell id="{1eefa848-c48d-47c9-8ff4-796403c5a51a}" ordinalvalue="10004">
                                <labels>
                                  <label description="Price List" languagecode="1033" solutionaction="Added" />
                                </labels>
                              </cell>
                            </row>
                            <row>
                              <cell id="{88b1eb8d-6cb7-4172-a2e9-68d7f702a941}" ordinalvalue="10006">
                                <labels>
                                  <label description="Credit Hold" languagecode="1033" solutionaction="Added" />
                                </labels>
                              </cell>
                            </row>
                          </rows>
                        </section>
                      </sections>
                    </column>
                  </columns>
                </tab>
                <tab name="administration" id="{5b8906be-c80f-4c26-8ba2-b07f45cb2936}" IsUserDefined="0" ordinalvalue="5">
                  <columns>
                    <column width="100%" id="0">
                      <sections>
                        <section name="internal information" showlabel="false" showbar="false" id="{e40e4201-ddc0-4384-bb7a-44dd8be88ec6}" IsUserDefined="0" ordinalvalue="0">
                          <rows>
                            <row>
                              <cell id="{670dc25c-ddd3-422a-9981-e3cd3d977948}" ordinalvalue="10000">
                                <labels>
                                  <label description="Owner" languagecode="1033" solutionaction="Added" />
                                </labels>
                              </cell>
                            </row>
                          </rows>
                        </section>
                        <section name="marketing information" showlabel="true" showbar="true" locklevel="0" id="{7f86a255-fe14-4b3a-89ba-e1265712c006}" IsUserDefined="0" layout="varheight" columns="11" ordinalvalue="2">
                          <rows>
                            <row>
                              <cell id="{5d977a22-6ea8-4b46-90ed-092755c9eb08}" ordinalvalue="10000">
                                <labels>
                                  <label description="Originating Lead" languagecode="1033" solutionaction="Added" />
                                </labels>
                              </cell>
                              <cell auto="false" showlabel="true" locklevel="0" rowspan="1" colspan="1" id="{5f0552ba-6db6-4da0-b2a7-b388d3c8d280}" ordinalvalue="20001">
                                <labels>
                                  <label description="Last Date Included in Campaign" languagecode="1033" solutionaction="Added" />
                                </labels>
                              </cell>
                            </row>
                            <row>
                              <cell auto="false" showlabel="true" locklevel="0" rowspan="1" colspan="1" id="{edbbf74d-9d9b-4646-9972-e104503c87e8}" ordinalvalue="10002">
                                <labels>
                                  <label description="Send Marketing Materials" languagecode="1033" solutionaction="Added" />
                                </labels>
                              </cell>
                            </row>
                          </rows>
                        </section>
                        <section name="service preferences" showlabel="true" showbar="true" id="{DFF21ED1-106A-46FA-9C23-739C909FC16C}" IsUserDefined="0" ordinalvalue="3">
                          <rows>
                            <row>
                              <cell id="{ad68a13b-fc81-48a0-ae32-b73c15f44c2d}" ordinalvalue="10000">
                                <labels>
                                  <label description="Preferred Day" languagecode="1033" solutionaction="Added" />
                                </labels>
                              </cell>
                              <cell id="{8143f220-03cc-4174-95e1-6ddda80316fc}" ordinalvalue="20001">
                                <labels>
                                  <label description="Preferred Time" languagecode="1033" solutionaction="Added" />
                                </labels>
                              </cell>
                            </row>
                            <row>
                              <cell id="{c0894e23-3db1-4bcb-b0f9-450ed1584b0c}" ordinalvalue="10002">
                                <labels>
                                  <label description="Preferred User" languagecode="1033" solutionaction="Added" />
                                </labels>
                              </cell>
                            </row>
                          </rows>
                        </section>
                      </sections>
                    </column>
                  </columns>
                </tab>
              </tabs>
              <header id="{2b89aa75-b991-4875-88b0-d7ed40d2aaf3}" celllabelposition="Top">
                <rows>
                  <row>
                    <cell id="{d7deb60b-a95d-5a1a-5c0b-3600cda8743c}" ordinalvalue="10000">
                      <labels>
                        <label description="Primary Contact" languagecode="1033" solutionaction="Added" />
                      </labels>
                    </cell>
                    <cell id="{b8d5b412-13ce-83b0-15e5-e13754c73da7}" ordinalvalue="20001">
                      <labels>
                        <label description="Preferred Method of Contact" languagecode="1033" solutionaction="Added" />
                      </labels>
                    </cell>
                    <cell id="{5e00a0b1-b693-1603-3bd9-612d1b3da9a0}" ordinalvalue="30002">
                      <labels>
                        <label description="Owner" languagecode="1033" solutionaction="Added" />
                      </labels>
                    </cell>
                  </row>
                  <row>
                    <cell id="{4d0995d9-05d8-4b10-7e31-3631128e4163}" ordinalvalue="10003">
                      <labels>
                        <label description="Credit Limit" languagecode="1033" solutionaction="Added" />
                      </labels>
                    </cell>
                    <cell id="{ca66c1d0-7d7a-1e71-c030-57125acd1474}" ordinalvalue="20004">
                      <labels>
                        <label description="Annual Revenue" languagecode="1033" solutionaction="Added" />
                      </labels>
                    </cell>
                  </row>
                </rows>
              </header>
            </form>
            <LocalizedNames>
              <LocalizedName description="Information" languagecode="1033" />
            </LocalizedNames>
            <Descriptions>
              <Description description="A form for this entity." languagecode="1033" />
            </Descriptions>
          </systemform>
          <systemform>
            <formid>{8448b78f-8f42-454e-8e2a-f8196b0419af}</formid>
            <IntroducedVersion>5.0.0.0</IntroducedVersion>
            <FormPresentation>1</FormPresentation>
            <FormActivationState>1</FormActivationState>
            <form showImage="true">
              <tabs>
                <tab name="SUMMARY_TAB" id="{3b0b63a9-d379-689a-0ec3-e71eb4c6a841}" IsUserDefined="0" showlabel="true" expanded="true" locklevel="0" ordinalvalue="0">
                  <columns>
                    <column width="33%" id="0">
                      <sections>
                        <section name="ACCOUNT_INFORMATION" showlabel="true" showbar="false" id="{0eb92e6c-bcb8-0d52-a188-d81543ddb7cd}" IsUserDefined="0" layout="varwidth" columns="1" labelwidth="115" celllabelposition="Left" ordinalvalue="0">
                          <rows>
                            <row>
                              <cell id="{b0e82a7e-5683-d90c-308a-0d779377ea8a}" showlabel="true" locklevel="0" ordinalvalue="10001" solutionaction="Modified">
                                <labels>
                                  <label description="Account Name" languagecode="1033" solutionaction="Added" />
                                </labels>
                              </cell>
                            </row>
                            <row>
                              <cell id="{3441a91e-47c5-672c-7a20-902d6baa9036}" showlabel="true" ordinalvalue="10003" solutionaction="Modified" />
                            </row>
                            <row>
                              <cell id="{8b98a55e-a345-b20e-d46e-801e79d5c1c1}" showlabel="true" ordinalvalue="10004" solutionaction="Modified">
                                <labels>
                                  <label description="Fax" languagecode="1033" solutionaction="Added" />
                                </labels>
                              </cell>
                            </row>
                            <row>
                              <cell id="{e6441984-4343-813a-aa7e-e2747ad35390}" showlabel="true" ordinalvalue="10005" solutionaction="Modified">
                                <labels>
                                  <label description="Website" languagecode="1033" solutionaction="Added" />
                                </labels>
                              </cell>
                            </row>
                            <row>
                              <cell id="{87DE203E-B03C-44CC-8B06-438202B82553}" ordinalvalue="10006" solutionaction="Modified">
                                <labels>
                                  <label description="Parent Account" languagecode="1033" solutionaction="Added" />
                                </labels>
                              </cell>
                            </row>
                            <row>
                              <cell id="{5f38af3a-3307-47dc-b36d-d9a5de525e6e}" showlabel="true" ordinalvalue="10007" solutionaction="Modified">
                                <labels>
                                  <label description="Ticker Symbol" languagecode="1033" solutionaction="Added" />
                                </labels>
                              </cell>
                            </row>
                            <row>
                              <cell id="{24be16a9-e3c4-a7bb-37a6-b5c7143460e8}" showlabel="true" locklevel="0" ordinalvalue="10008" solutionaction="Modified">
                                <labels>
                                  <label description="Relationship Type" languagecode="1033" solutionaction="Added" />
                                </labels>
                              </cell>
                            </row>
                            <row>
                              <cell id="{ad5836b2-96b0-394d-ea36-951d0584b472}" showlabel="true" locklevel="0" ordinalvalue="10009" solutionaction="Modified">
                                <labels>
                                  <label description="Product Price List" languagecode="1033" solutionaction="Added" />
                                </labels>
                                <control id="defaultpricelevelid" classid="{270BD3DB-D9AF-4782-9025-509E298DEC0A}" datafieldname="defaultpricelevelid" disabled="false" uniqueid="{44eb9bca-a0dc-3bd8-6d20-e5bcc3900897}" solutionaction="Modified" />
                              </cell>
                            </row>
                            <row>
                              <cell id="{610b754a-c100-b694-44bd-594c29b305d7}" showlabel="false" locklevel="0" ordinalvalue="10000" solutionaction="Added">
                                <labels>
                                  <label description="Custom Button" languagecode="1033" />
                                </labels>
                                <control id="dev_custombutton" classid="{F9A8A302-114E-466A-B582-6771B2AE0D92}" datafieldname="dev_custombutton" disabled="false" uniqueid="{4d6ed08d-acb1-dc3a-b361-097a1b2724eb}" />
                              </cell>
                            </row>
                            <row>
                              <cell id="{c4bc0a38-eb99-3412-5e9b-6bce7c47ce91}" showlabel="true" locklevel="0" ordinalvalue="10002" solutionaction="Added">
                                <labels>
                                  <label description="PAS Target" languagecode="1033" />
                                </labels>
                                <control id="dev_pastarget" classid="{3EF39988-22BB-4f0b-BBBE-64B5A3748AEE}" datafieldname="dev_pastarget" disabled="false" />
                              </cell>
                            </row>
                            <row>
                              <cell id="{ee070d35-7305-978d-c05e-c4cbec6730b0}" showlabel="true" locklevel="0" ordinalvalue="10010" solutionaction="Added">
                                <labels>
                                  <label description="Custom Button" languagecode="1033" />
                                </labels>
                                <control id="dev_custombutton" classid="{4273EDBD-AC1D-40d3-9FB2-095C621B552D}" datafieldname="dev_custombutton" disabled="false" />
                              </cell>
                            </row>
                          </rows>
                        </section>
                        <section name="ADDRESS" showlabel="true" locklevel="0" showbar="false" id="{cc0fe06e-4b5f-4648-A62d-84d1514e1fc5}" IsUserDefined="0" layout="varwidth" columns="1" labelwidth="115" celllabelposition="Left" ordinalvalue="1">
                          <rows>
                            <row>
                              <cell id="{4913500e-605a-809b-e99e-69e2710d09bd}" showlabel="true" locklevel="0" ordinalvalue="10000">
                                <labels>
                                  <label description="Address 1" languagecode="1033" solutionaction="Added" />
                                </labels>
                              </cell>
                            </row>
                          </rows>
                        </section>
                      </sections>
                    </column>
                    <column width="25%" id="2">
                      <sections>
                        <section name="Summary_section_6" showlabel="false" showbar="false" locklevel="0" id="{ea3bb0a6-b9dc-1b0e-5e7d-74a380ee79a3}" IsUserDefined="0" layout="varwidth" columns="1" labelwidth="115" ordinalvalue="0">
                          <labels>
                            <label description="Assistant" languagecode="1033" solutionaction="Modified" />
                          </labels>
                        </section>
                        <section name="SUMMARY_TAB_section_6" showlabel="false" showbar="false" locklevel="0" id="{d4c3ee9c-ba71-5cdb-31be-2aa505750472}" IsUserDefined="0" layout="varwidth" columns="1" labelwidth="115" celllabelalignment="Left" celllabelposition="Top" ordinalvalue="1">
                          <rows>
                            <row>
                              <cell id="{b187688c-8410-5990-16ec-e153968ab583}" showlabel="true" locklevel="0" ordinalvalue="10000">
                                <labels>
                                  <label description="Primary Contact" languagecode="1033" solutionaction="Added" />
                                </labels>
                              </cell>
                            </row>
                            <row>
                              <cell id="{0F664FFF-E39E-4676-9191-CBA16972B21D}" colspan="1" showlabel="false" ordinalvalue="10001">
                                <labels>
                                  <label description="Primary Contact" languagecode="1033" solutionaction="Added" />
                                </labels>
                              </cell>
                            </row>
                          </rows>
                        </section>
                      </sections>
                    </column>
                  </columns>
                </tab>
                <tab name="DETAILS_TAB" id="{11a42c72-9ded-ea04-253d-2143e731b795}" IsUserDefined="0" showlabel="true" expanded="true" ordinalvalue="2">
                  <columns>
                    <column width="34%" id="0">
                      <sections>
                        <section name="COMPANY_PROFILE" showlabel="true" showbar="false" id="{ca8587c5-18c0-cac1-7c34-6c639eade090}" IsUserDefined="0" layout="varwidth" columns="1" labelwidth="115" celllabelposition="Left" ordinalvalue="0">
                          <rows>
                            <row>
                              <cell id="{59782911-4d1a-38dc-ce49-7dae620dbc51}" showlabel="true" ordinalvalue="10000">
                                <labels>
                                  <label description="Industry" languagecode="1033" solutionaction="Added" />
                                </labels>
                              </cell>
                            </row>
                            <row>
                              <cell id="{930beba3-d531-0808-c403-de95e2ac3e62}" showlabel="true" ordinalvalue="10001">
                                <labels>
                                  <label description="SIC Code" languagecode="1033" solutionaction="Added" />
                                </labels>
                              </cell>
                            </row>
                            <row>
                              <cell id="{1c33ad89-92a1-8433-2378-306259eb57c0}" showlabel="true" ordinalvalue="10002">
                                <labels>
                                  <label description="Ownership" languagecode="1033" solutionaction="Added" />
                                </labels>
                              </cell>
                            </row>
                          </rows>
                        </section>
                        <section name="DETAILS_TAB_section_6" showlabel="true" showbar="false" locklevel="0" id="{e201b9ce-c3d5-c922-dba5-528c25066940}" IsUserDefined="0" layout="varwidth" columns="1" labelwidth="115" celllabelalignment="Left" celllabelposition="Top" height="auto" ordinalvalue="1">
                          <rows>
                            <row>
                              <cell id="{a4a726a2-8e3e-79d0-02c3-0a04a6b71089}" showlabel="false" locklevel="0" rowspan="3" auto="true" ordinalvalue="10000">
                                <labels>
                                  <label description="Description" languagecode="1033" solutionaction="Added" />
                                </labels>
                              </cell>
                            </row>
                          </rows>
                        </section>
                      </sections>
                    </column>
                    <column width="33%" id="2">
                      <sections>
                        <section name="BILLING" showlabel="true" showbar="false" id="{910de80a-a17e-092a-255d-44d775cb4207}" IsUserDefined="0" layout="varwidth" columns="1" labelwidth="115" celllabelposition="Left" locklevel="0" celllabelalignment="Left" ordinalvalue="0">
                          <rows>
                            <row>
                              <cell id="{7cd2b88c-b25c-4729-9c27-f59ebb5a1538}" ordinalvalue="10000">
                                <labels>
                                  <label description="Currency" languagecode="1033" solutionaction="Added" />
                                </labels>
                              </cell>
                            </row>
                            <row>
                              <cell id="{0125719c-a5b0-4230-9817-3fba5d6ebfaf}" ordinalvalue="10001">
                                <labels>
                                  <label description="Credit Limit" languagecode="1033" solutionaction="Added" />
                                </labels>
                              </cell>
                            </row>
                            <row>
                              <cell id="{abc2c862-bcd4-4a4b-ac51-c311d4e66d5b}" ordinalvalue="10002">
                                <labels>
                                  <label description="Credit Hold" languagecode="1033" solutionaction="Added" />
                                </labels>
                              </cell>
                            </row>
                            <row>
                              <cell id="{0bab9157-d14e-441f-969d-80460634c15e}" ordinalvalue="10003">
                                <labels>
                                  <label description="Payment Terms" languagecode="1033" solutionaction="Added" />
                                </labels>
                              </cell>
                            </row>
                          </rows>
                        </section>
                      </sections>
                    </column>
                  </columns>
                </tab>
                <tab name="FieldService" id="{c267121d-ed5c-3554-ed2a-4b9c7cc17c51}" IsUserDefined="0" locklevel="0" showlabel="true" expanded="true" ordinalvalue="3">
                  <columns>
                    <column width="50%" id="0">
                      <sections>
                        <section name="DETAILS_TAB_section_8" showlabel="true" showbar="false" locklevel="0" id="{450a19ce-4186-d44c-9d65-15b05364b8ad}" IsUserDefined="0" layout="varwidth" columns="1" labelwidth="160" celllabelalignment="Left" celllabelposition="Left" ordinalvalue="0">
                          <rows>
                            <row>
                              <cell id="{478d10a5-5ec2-5604-9d35-5baea2336a60}" showlabel="true" locklevel="0" ordinalvalue="10000">
                                <labels>
                                  <label description="Billing Account" languagecode="1033" solutionaction="Added" />
                                </labels>
                              </cell>
                            </row>
                            <row>
                              <cell id="{e2c889a2-d894-adb8-2b6e-debcb0843a44}" showlabel="true" locklevel="0" ordinalvalue="10001">
                                <labels>
                                  <label description="Product Price List" languagecode="1033" solutionaction="Added" />
                                </labels>
                              </cell>
                            </row>
                            <row>
                              <cell id="{73848862-b2ad-a142-440d-4a18a84ba508}" showlabel="true" locklevel="0" ordinalvalue="10002">
                                <labels>
                                  <label description="Tax Exempt" languagecode="1033" solutionaction="Added" />
                                </labels>
                              </cell>
                            </row>
                            <row>
                              <cell id="{a5938e74-ce05-61e3-4147-aa073b575d59}" showlabel="true" locklevel="0" ordinalvalue="10003">
                                <labels>
                                  <label description="Sales Tax Code" languagecode="1033" solutionaction="Added" />
                                </labels>
                              </cell>
                            </row>
                            <row>
                              <cell id="{2a22c09d-6b95-623b-9c29-d5921d9deb1e}" showlabel="true" locklevel="0" ordinalvalue="10004">
                                <labels>
                                  <label description="Tax Exempt Number" languagecode="1033" solutionaction="Added" />
                                </labels>
                              </cell>
                            </row>
                          </rows>
                        </section>
                      </sections>
                    </column>
                    <column width="50%" id="1">
                      <sections>
                        <section name="DETAILS_TAB_section_7" showlabel="true" showbar="false" locklevel="0" id="{35ae566b-068b-596c-1b5b-81757dbb70c1}" IsUserDefined="0" layout="varwidth" columns="1" labelwidth="160" celllabelalignment="Left" celllabelposition="Left" ordinalvalue="0">
                          <rows>
                            <row>
                              <cell id="{275706e0-5d65-97ce-d614-b60a72c7c331}" showlabel="true" locklevel="0" ordinalvalue="10000">
                                <labels>
                                  <label description="Service Territory" languagecode="1033" solutionaction="Added" />
                                </labels>
                              </cell>
                            </row>
                            <row>
                              <cell id="{138ad8a0-c6c4-bebc-c4ca-8aa284dad124}" showlabel="true" locklevel="0" ordinalvalue="10001">
                                <labels>
                                  <label description="Travel Charge Type" languagecode="1033" solutionaction="Added" />
                                </labels>
                              </cell>
                            </row>
                            <row>
                              <cell id="{224dc550-402a-3192-396c-992709a328e9}" showlabel="true" locklevel="0" ordinalvalue="10002">
                                <labels>
                                  <label description="Work Hour Template" languagecode="1033" solutionaction="Added" />
                                </labels>
                              </cell>
                            </row>
                            <row>
                              <cell id="{91b5a3ca-77de-8065-d7de-d48a557159b5}" showlabel="true" locklevel="0" ordinalvalue="10003">
                                <labels>
                                  <label description="Travel Charge" languagecode="1033" solutionaction="Added" />
                                </labels>
                              </cell>
                            </row>
                            <row>
                              <cell id="{44d54a23-648c-775b-9d82-b40ee31b0e53}" showlabel="true" locklevel="0" ordinalvalue="10004">
                                <labels>
                                  <label description="Work Order Instructions" languagecode="1033" solutionaction="Added" />
                                </labels>
                              </cell>
                            </row>
                          </rows>
                        </section>
                      </sections>
                    </column>
                  </columns>
                </tab>
                <tab name="urstab" id="{c89e4b42-29b5-63b1-4666-65574779eddd}" IsUserDefined="0" locklevel="0" showlabel="true" expanded="false" ordinalvalue="4">
                  <columns>
                    <column width="33%" id="1">
                      <sections>
                        <section name="tab_3_section_2" showlabel="false" showbar="false" locklevel="0" id="{26e829cb-9a5d-a0b5-b062-0a931e082a1e}" IsUserDefined="0" layout="varwidth" columns="1" labelwidth="115" ordinalvalue="0">
                          <rows />
                        </section>
                      </sections>
                    </column>
                    <column width="33%" id="2">
                      <sections>
                        <section name="tab_3_section_3" showlabel="false" showbar="false" locklevel="0" id="{329c50b5-c80d-155e-aae5-50ca4db32d1a}" IsUserDefined="0" layout="varwidth" columns="1" labelwidth="115" ordinalvalue="0">
                          <rows />
                        </section>
                      </sections>
                    </column>
                  </columns>
                </tab>
                <tab name="AssetsAndLocationsTab" id="{9d2b89a1-bec3-0b60-b2a7-d459b760e832}" IsUserDefined="0" locklevel="0" showlabel="true" expanded="true" ordinalvalue="6">
                  <columns>
                    <column width="100%" id="0">
                      <sections>
                        <section name="AssetsAndLocationsSection" showlabel="false" showbar="false" locklevel="0" id="{9d702b1a-b4e2-15c1-52cc-67353ba67bcd}" IsUserDefined="0" layout="varwidth" columns="1" labelwidth="115" celllabelalignment="Left" celllabelposition="Left" ordinalvalue="0">
                          <rows>
                            <row>
                              <cell id="{d474b47c-cb1c-b672-c30b-65c901107727}" showlabel="false" locklevel="0" ordinalvalue="10000">
                                <labels>
                                  <label description="Account Name" languagecode="1033" solutionaction="Added" />
                                </labels>
                              </cell>
                            </row>
                          </rows>
                        </section>
                      </sections>
                    </column>
                  </columns>
                </tab>
              </tabs>
              <events>
                <event name="onchange" application="false" active="false" attribute="dev_custombutton" solutionaction="Added">
                  <Handlers>
                    <Handler functionName="buttonClicked" libraryName="dev_AccountLibrary.js" handlerUniqueId="{1c124a15-054d-9c22-4824-14101e2cad76}" enabled="true" parameters="" passExecutionContext="true" ordinalvalue="0" />
                  </Handlers>
                </event>
              </events>
              <header id="{d5a03552-1183-4347-a237-1f894ba449eb}" columns="111" celllabelposition="Top" labelwidth="115">
                <rows>
                  <row>
                    <cell id="{d3e19d4e-b2ae-409f-9b4e-5976527c6c83}" ordinalvalue="10000">
                      <labels>
                        <label description="Annual Revenue" languagecode="1033" solutionaction="Added" />
                      </labels>
                    </cell>
                    <cell id="{2adb5a52-604d-5aad-ba6a-2bbab6c33594}" showlabel="true" ordinalvalue="20001">
                      <labels>
                        <label description="Number of Employees" languagecode="1033" solutionaction="Added" />
                      </labels>
                    </cell>
                    <cell id="{54b2d0a2-eb77-b3cd-b60a-03ea6944e98e}" showlabel="true" locklevel="1" ordinalvalue="30002">
                      <labels>
                        <label description="Owner" languagecode="1033" solutionaction="Added" />
                      </labels>
                    </cell>
                  </row>
                </rows>
              </header>
              <Navigation>
                <NavBar>
                  <NavBarByRelationshipItem RelationshipName="msdyn_account_msdyn_actualfact_AccountCustomer" Sequence="10002" Area="Info" Id="nav_msdyn_account_msdyn_actualfact_AccountCustomer" Show="false" solutionaction="Removed" />
                  <NavBarByRelationshipItem RelationshipName="msdyn_account_msdyn_actualfact_AccountVendor" Sequence="10003" Area="Info" Id="nav_msdyn_account_msdyn_actualfact_AccountVendor" Show="false" solutionaction="Removed" />
                </NavBar>
              </Navigation>
              <controlDescriptions>
                <controlDescription forControl="{4d6ed08d-acb1-dc3a-b361-097a1b2724eb}" solutionaction="Added">
                  <customControl id="{4273EDBD-AC1D-40d3-9FB2-095C621B552D}" formFactor="0">
                    <parameters>
                      <datafieldname>dev_custombutton</datafieldname>
                    </parameters>
                  </customControl>
                  <customControl formFactor="1" name="dev_PCFCustomButtonNamespace.PCFCustomButtonComponent">
                    <parameters>
                      <btnValue>dev_custombutton</btnValue>
                      <btnLabel static="true" type="SingleLine.Text">Call API</btnLabel>
                    </parameters>
                  </customControl>
                  <customControl formFactor="2" name="dev_PCFCustomButtonNamespace.PCFCustomButtonComponent">
                    <parameters>
                      <btnValue>dev_custombutton</btnValue>
                      <btnLabel static="true" type="SingleLine.Text">Call API</btnLabel>
                    </parameters>
                  </customControl>
                </controlDescription>
              </controlDescriptions>
              <formLibraries>
                <Library name="dev_AccountLibrary.js" libraryUniqueId="{5644d3d3-a4d5-a91a-e2d2-818e1d9c2b11}" solutionaction="Added" />
              </formLibraries>
            </form>
            <LocalizedNames>
              <LocalizedName description="Account" languagecode="1033" />
            </LocalizedNames>
            <Descriptions>
              <Description description="Updated default Account form." languagecode="1033" />
            </Descriptions>
          </systemform>
        </forms>
      </FormXml>
      <RibbonDiffXml>
        <CustomActions />
        <Templates>
          <RibbonTemplates Id="Mscrm.Templates"></RibbonTemplates>
        </Templates>
        <CommandDefinitions />
        <RuleDefinitions>
          <TabDisplayRules />
          <DisplayRules />
          <EnableRules />
        </RuleDefinitions>
        <LocLabels />
      </RibbonDiffXml>
    </Entity>
  </Entities>
  <Roles></Roles>
  <Workflows>
    <Workflow WorkflowId="{f027ab20-6e26-4759-803c-b244943c07f5}" Name="Test Mock Endpoints">
      <XamlFileName>/Workflows/TestMockEndpoints-F027AB20-6E26-4759-803C-B244943C07F5.xaml</XamlFileName>
      <Type>1</Type>
      <Subprocess>0</Subprocess>
      <Category>3</Category>
      <Mode>0</Mode>
      <Scope>4</Scope>
      <OnDemand>0</OnDemand>
      <TriggerOnCreate>0</TriggerOnCreate>
      <TriggerOnDelete>0</TriggerOnDelete>
      <AsyncAutodelete>0</AsyncAutodelete>
      <SyncWorkflowLogOnFailure>1</SyncWorkflowLogOnFailure>
      <StateCode>1</StateCode>
      <StatusCode>2</StatusCode>
      <CreateStage>40</CreateStage>
      <RunAs>1</RunAs>
      <SdkMessageId>{1dac2f1a-058e-eb11-b1ac-000d3ad51361}</SdkMessageId>
      <UniqueName>TestMockEndpoints</UniqueName>
      <IsTransacted>1</IsTransacted>
      <IntroducedVersion>1.0</IntroducedVersion>
      <IsCustomizable>1</IsCustomizable>
      <FormId>{00000000-0000-0000-0000-000000000000}</FormId>
      <IsCustomProcessingStepAllowedForOtherPublishers>1</IsCustomProcessingStepAllowedForOtherPublishers>
      <PrimaryEntity>none</PrimaryEntity>
      <LocalizedNames>
        <LocalizedName languagecode="1033" description="Test Mock Endpoints" />
      </LocalizedNames>
    </Workflow>
  </Workflows>
  <FieldSecurityProfiles></FieldSecurityProfiles>
  <Templates />
  <EntityMaps />
  <EntityRelationships>
    <EntityRelationship Name="msdyn_account_account_BillingAccount">
      <EntityRelationshipType>OneToMany</EntityRelationshipType>
      <IntroducedVersion>3.1.0.3</IntroducedVersion>
      <IsHierarchical>0</IsHierarchical>
      <ReferencingEntityName>Account</ReferencingEntityName>
      <ReferencedEntityName>Account</ReferencedEntityName>
      <CascadeAssign>NoCascade</CascadeAssign>
      <CascadeDelete>RemoveLink</CascadeDelete>
      <CascadeReparent>NoCascade</CascadeReparent>
      <CascadeShare>NoCascade</CascadeShare>
      <CascadeUnshare>NoCascade</CascadeUnshare>
      <CascadeRollupView>NoCascade</CascadeRollupView>
      <IsValidForAdvancedFind>1</IsValidForAdvancedFind>
      <ReferencingAttributeName>msdyn_BillingAccount</ReferencingAttributeName>
      <RelationshipDescription>
        <Descriptions>
          <Description description="Reference to an other account to be used for billing (only to be used if billing account differs)" languagecode="1033" />
        </Descriptions>
      </RelationshipDescription>
      <EntityRelationshipRoles>
        <EntityRelationshipRole>
          <NavPaneDisplayOption>UseLabel</NavPaneDisplayOption>
          <NavPaneArea>Details</NavPaneArea>
          <NavPaneOrder>10000</NavPaneOrder>
          <NavigationPropertyName>msdyn_billingaccount_account</NavigationPropertyName>
          <CustomLabels>
            <CustomLabel description="Billed Accounts" languagecode="1033" />
          </CustomLabels>
          <RelationshipRoleType>1</RelationshipRoleType>
        </EntityRelationshipRole>
        <EntityRelationshipRole>
          <RelationshipRoleType>0</RelationshipRoleType>
        </EntityRelationshipRole>
      </EntityRelationshipRoles>
    </EntityRelationship>
    <EntityRelationship Name="msdyn_bookableresource_account_PreferredResource">
      <EntityRelationshipType>OneToMany</EntityRelationshipType>
      <IntroducedVersion>6.0.0.0</IntroducedVersion>
      <IsHierarchical>0</IsHierarchical>
      <ReferencingEntityName>Account</ReferencingEntityName>
      <ReferencedEntityName>BookableResource</ReferencedEntityName>
      <CascadeAssign>NoCascade</CascadeAssign>
      <CascadeDelete>RemoveLink</CascadeDelete>
      <CascadeReparent>NoCascade</CascadeReparent>
      <CascadeShare>NoCascade</CascadeShare>
      <CascadeUnshare>NoCascade</CascadeUnshare>
      <CascadeRollupView>NoCascade</CascadeRollupView>
      <IsValidForAdvancedFind>1</IsValidForAdvancedFind>
      <ReferencingAttributeName>msdyn_PreferredResource</ReferencingAttributeName>
      <RelationshipDescription>
        <Descriptions>
          <Description description="" languagecode="1033" />
        </Descriptions>
      </RelationshipDescription>
      <EntityRelationshipRoles>
        <EntityRelationshipRole>
          <NavPaneDisplayOption>UseCollectionName</NavPaneDisplayOption>
          <NavPaneArea>Details</NavPaneArea>
          <NavPaneOrder>10000</NavPaneOrder>
          <NavigationPropertyName>msdyn_PreferredResource</NavigationPropertyName>
          <CustomLabels>
            <CustomLabel description="" languagecode="1033" />
          </CustomLabels>
          <RelationshipRoleType>1</RelationshipRoleType>
        </EntityRelationshipRole>
        <EntityRelationshipRole>
          <RelationshipRoleType>0</RelationshipRoleType>
        </EntityRelationshipRole>
      </EntityRelationshipRoles>
    </EntityRelationship>
    <EntityRelationship Name="msdyn_msdyn_functionallocation_account">
      <EntityRelationshipType>ManyToMany</EntityRelationshipType>
      <IntroducedVersion>1.0.0.58</IntroducedVersion>
      <IsHierarchical>0</IsHierarchical>
      <FirstEntityName>msdyn_FunctionalLocation</FirstEntityName>
      <SecondEntityName>Account</SecondEntityName>
      <IntersectEntityName>msdyn_msdyn_functionallocation_account</IntersectEntityName>
      <IsValidForAdvancedFind>1</IsValidForAdvancedFind>
      <EntityRelationshipRoles>
        <EntityRelationshipRole>
          <NavPaneDisplayOption>UseCollectionName</NavPaneDisplayOption>
          <NavPaneArea>Details</NavPaneArea>
          <NavPaneOrder>10000</NavPaneOrder>
          <NavigationPropertyName>msdyn_msdyn_functionallocation_account</NavigationPropertyName>
          <AssociationRoleOrdinal>1</AssociationRoleOrdinal>
        </EntityRelationshipRole>
        <EntityRelationshipRole>
          <NavPaneDisplayOption>UseCollectionName</NavPaneDisplayOption>
          <NavPaneArea>Details</NavPaneArea>
          <NavPaneOrder>10000</NavPaneOrder>
          <NavigationPropertyName>msdyn_msdyn_functionallocation_account</NavigationPropertyName>
          <AssociationRoleOrdinal>2</AssociationRoleOrdinal>
        </EntityRelationshipRole>
      </EntityRelationshipRoles>
    </EntityRelationship>
    <EntityRelationship Name="msdyn_msdyn_taxcode_account_SalesTaxCode">
      <EntityRelationshipType>OneToMany</EntityRelationshipType>
      <IntroducedVersion>3.1.0.3</IntroducedVersion>
      <IsHierarchical>0</IsHierarchical>
      <ReferencingEntityName>Account</ReferencingEntityName>
      <ReferencedEntityName>msdyn_taxcode</ReferencedEntityName>
      <CascadeAssign>NoCascade</CascadeAssign>
      <CascadeDelete>RemoveLink</CascadeDelete>
      <CascadeReparent>NoCascade</CascadeReparent>
      <CascadeShare>NoCascade</CascadeShare>
      <CascadeUnshare>NoCascade</CascadeUnshare>
      <CascadeRollupView>NoCascade</CascadeRollupView>
      <IsValidForAdvancedFind>1</IsValidForAdvancedFind>
      <ReferencingAttributeName>msdyn_SalesTaxCode</ReferencingAttributeName>
      <RelationshipDescription>
        <Descriptions>
          <Description description="Default Sales Tax Code" languagecode="1033" />
        </Descriptions>
      </RelationshipDescription>
      <EntityRelationshipRoles>
        <EntityRelationshipRole>
          <NavPaneDisplayOption>UseCollectionName</NavPaneDisplayOption>
          <NavPaneArea>Details</NavPaneArea>
          <NavPaneOrder>10000</NavPaneOrder>
          <NavigationPropertyName>msdyn_salestaxcode</NavigationPropertyName>
          <CustomLabels>
            <CustomLabel description="" languagecode="1033" />
          </CustomLabels>
          <RelationshipRoleType>1</RelationshipRoleType>
        </EntityRelationshipRole>
        <EntityRelationshipRole>
          <RelationshipRoleType>0</RelationshipRoleType>
        </EntityRelationshipRole>
      </EntityRelationshipRoles>
    </EntityRelationship>
    <EntityRelationship Name="msdyn_msdyn_workhourtemplate_account_workhourtemplate">
      <EntityRelationshipType>OneToMany</EntityRelationshipType>
      <IntroducedVersion>8.6.0.0</IntroducedVersion>
      <IsHierarchical>0</IsHierarchical>
      <ReferencingEntityName>Account</ReferencingEntityName>
      <ReferencedEntityName>msdyn_workhourtemplate</ReferencedEntityName>
      <CascadeAssign>NoCascade</CascadeAssign>
      <CascadeDelete>RemoveLink</CascadeDelete>
      <CascadeReparent>NoCascade</CascadeReparent>
      <CascadeShare>NoCascade</CascadeShare>
      <CascadeUnshare>NoCascade</CascadeUnshare>
      <CascadeRollupView>NoCascade</CascadeRollupView>
      <IsValidForAdvancedFind>1</IsValidForAdvancedFind>
      <ReferencingAttributeName>msdyn_workhourtemplate</ReferencingAttributeName>
      <RelationshipDescription>
        <Descriptions>
          <Description description="" languagecode="1033" />
        </Descriptions>
      </RelationshipDescription>
      <EntityRelationshipRoles>
        <EntityRelationshipRole>
          <NavPaneDisplayOption>UseCollectionName</NavPaneDisplayOption>
          <NavPaneArea>Details</NavPaneArea>
          <NavPaneOrder>10000</NavPaneOrder>
          <NavigationPropertyName>msdyn_workhourtemplate</NavigationPropertyName>
          <RelationshipRoleType>1</RelationshipRoleType>
        </EntityRelationshipRole>
        <EntityRelationshipRole>
          <RelationshipRoleType>0</RelationshipRoleType>
        </EntityRelationshipRole>
      </EntityRelationshipRoles>
    </EntityRelationship>
    <EntityRelationship Name="msdyn_territory_account_ServiceTerritory">
      <EntityRelationshipType>OneToMany</EntityRelationshipType>
      <IntroducedVersion>3.1.0.3</IntroducedVersion>
      <IsHierarchical>0</IsHierarchical>
      <ReferencingEntityName>Account</ReferencingEntityName>
      <ReferencedEntityName>Territory</ReferencedEntityName>
      <CascadeAssign>NoCascade</CascadeAssign>
      <CascadeDelete>RemoveLink</CascadeDelete>
      <CascadeReparent>NoCascade</CascadeReparent>
      <CascadeShare>NoCascade</CascadeShare>
      <CascadeUnshare>NoCascade</CascadeUnshare>
      <CascadeRollupView>NoCascade</CascadeRollupView>
      <IsValidForAdvancedFind>1</IsValidForAdvancedFind>
      <ReferencingAttributeName>msdyn_ServiceTerritory</ReferencingAttributeName>
      <RelationshipDescription>
        <Descriptions>
          <Description description="The Service Territory this account belongs to. This is used to optimize scheduling and routing" languagecode="1033" />
        </Descriptions>
      </RelationshipDescription>
      <EntityRelationshipRoles>
        <EntityRelationshipRole>
          <NavPaneDisplayOption>UseCollectionName</NavPaneDisplayOption>
          <NavPaneArea>Details</NavPaneArea>
          <NavPaneOrder>10000</NavPaneOrder>
          <NavigationPropertyName>msdyn_serviceterritory</NavigationPropertyName>
          <CustomLabels>
            <CustomLabel description="" languagecode="1033" />
          </CustomLabels>
          <RelationshipRoleType>1</RelationshipRoleType>
        </EntityRelationshipRole>
        <EntityRelationshipRole>
          <RelationshipRoleType>0</RelationshipRoleType>
        </EntityRelationshipRole>
      </EntityRelationshipRoles>
    </EntityRelationship>
  </EntityRelationships>
  <OrganizationSettings />
  <optionsets />
  <InteractionCentricDashboards>
    <InteractionCentricDashboard>
      <LocalizedNames>
        <LocalizedName description="Accounts Dashboard" languagecode="1033" />
      </LocalizedNames>
      <Descriptions>
        <Description description="Shows an overview of data related to accounts." languagecode="1033" />
      </Descriptions>
      <FormId>{15915835-b87c-49ec-9ffc-bfac3ac44ef1}</FormId>
      <IsDefault>0</IsDefault>
      <FormXml>
        <forms type="interactioncentricdashboard">
          <form>
            <tabs filterby="createdon" timeframe="7" primaryentitylogicalname="account" entityview="{00000000-0000-0000-00AA-000010001002}" dashboardCategory="1_1" tilespresent="false">
              <tab showlabel="true" verticallayout="true" collapsible="true" id="{24fa8919-d169-4242-81cf-328f4a32377d}">
                <labels>
                  <label description="" languagecode="1033" />
                </labels>
                <columns>
                  <column width="100%">
                    <sections>
                      <section name="VisualFilters" showlabel="false" showbar="false" columns="1111" id="{0a032952-edaf-4639-8613-10890822010f}">
                        <labels>
                          <label description="" languagecode="1033" />
                        </labels>
                        <rows>
                          <row>
                            <cell colspan="1" rowspan="12" showlabel="false" ischartcell="true" id="{34e280b1-b19c-429c-8fd5-a348ee9bae12}" auto="false">
                              <labels>
                                <label description="Accounts" languagecode="1033" />
                              </labels>
                              <control id="Componentc4e86d7" classid="{E7A81278-8635-4d9e-8D4D-59480B391C5B}">
                                <parameters>
                                  <TargetEntityType>account</TargetEntityType>
                                  <ChartGridMode>Chart</ChartGridMode>
                                  <EnableQuickFind>false</EnableQuickFind>
                                  <EnableViewPicker>false</EnableViewPicker>
                                  <EnableJumpBar>false</EnableJumpBar>
                                  <RecordsPerPage>10</RecordsPerPage>
                                  <ViewId>{00000000-0000-0000-00AA-000010001002}</ViewId>
                                  <IsUserView>false</IsUserView>
                                  <ViewIds />
                                  <AutoExpand>Fixed</AutoExpand>
                                  <VisualizationId>{74A622C0-5193-DE11-97D4-00155DA3B01E}</VisualizationId>
                                  <IsUserChart>false</IsUserChart>
                                  <EnableChartPicker>false</EnableChartPicker>
                                  <RelationshipName />
                                </parameters>
                              </control>
                            </cell>
                            <cell colspan="1" rowspan="12" showlabel="false" ischartcell="true" id="{8e3a4afb-fe9c-40c0-ab92-7b29e22a3fda}" auto="false">
                              <labels>
                                <label description="Accounts" languagecode="1033" />
                              </labels>
                              <control id="Component2316e00" classid="{E7A81278-8635-4d9e-8D4D-59480B391C5B}">
                                <parameters>
                                  <TargetEntityType>account</TargetEntityType>
                                  <ChartGridMode>Chart</ChartGridMode>
                                  <EnableQuickFind>false</EnableQuickFind>
                                  <EnableViewPicker>false</EnableViewPicker>
                                  <EnableJumpBar>false</EnableJumpBar>
                                  <RecordsPerPage>10</RecordsPerPage>
                                  <ViewId>{00000000-0000-0000-00AA-000010001002}</ViewId>
                                  <IsUserView>false</IsUserView>
                                  <ViewIds />
                                  <AutoExpand>Fixed</AutoExpand>
                                  <VisualizationId>{be178262-6142-4b41-85b7-4ccedc62cfd9}</VisualizationId>
                                  <IsUserChart>false</IsUserChart>
                                  <EnableChartPicker>false</EnableChartPicker>
                                  <RelationshipName />
                                </parameters>
                              </control>
                            </cell>
                            <cell colspan="1" rowspan="12" showlabel="false" ischartcell="true" id="{46dcfd3b-a55f-4a31-ac5b-0600e9825760}" auto="false">
                              <labels>
                                <label description="Accounts" languagecode="1033" />
                              </labels>
                              <control id="Component666c4a4" classid="{E7A81278-8635-4d9e-8D4D-59480B391C5B}">
                                <parameters>
                                  <TargetEntityType>account</TargetEntityType>
                                  <ChartGridMode>Chart</ChartGridMode>
                                  <EnableQuickFind>false</EnableQuickFind>
                                  <EnableViewPicker>false</EnableViewPicker>
                                  <EnableJumpBar>false</EnableJumpBar>
                                  <RecordsPerPage>10</RecordsPerPage>
                                  <ViewId>{00000000-0000-0000-00AA-000010001002}</ViewId>
                                  <IsUserView>false</IsUserView>
                                  <ViewIds />
                                  <AutoExpand>Fixed</AutoExpand>
                                  <VisualizationId>{5B290FFF-355F-DF11-AE90-00155D2E3002}</VisualizationId>
                                  <IsUserChart>false</IsUserChart>
                                  <EnableChartPicker>false</EnableChartPicker>
                                  <RelationshipName />
                                </parameters>
                              </control>
                            </cell>
                            <cell colspan="1" rowspan="12" showlabel="false" ispreviewcell="true" ischartcell="true" id="{134cc0fd-761c-4b6c-8651-a6f65699daf0}">
                              <labels>
                                <label description="" languagecode="1033" />
                              </labels>
                            </cell>
                          </row>
                          <row />
                          <row />
                          <row />
                          <row />
                          <row />
                          <row />
                          <row />
                          <row />
                          <row />
                          <row />
                          <row />
                        </rows>
                      </section>
                    </sections>
                  </column>
                </columns>
              </tab>
              <tab name="StreamsContainer" showlabel="true" verticallayout="true" collapsible="false" id="{04777963-a981-4d85-bb77-948111df0bdf}">
                <labels>
                  <label description="" languagecode="1033" />
                </labels>
                <columns>
                  <column width="100%">
                    <sections>
                      <section name="Streams" showlabel="false" showbar="false" columns="1111" id="{98a04539-b529-4c9a-bf6d-d7ea5f171302}">
                        <labels>
                          <label description="" languagecode="1033" />
                        </labels>
                        <rows>
                          <row>
                            <cell colspan="4" rowspan="12" showlabel="false" isstreamcell="true" id="{0c1ce1d7-749f-4fcc-86cb-9f10d78ea056}">
                              <labels>
                                <label description="" languagecode="1033" />
                              </labels>
                              <control id="Component{c25c1ba2-33b6-0760-d1cc-7621224bdaa7}" classid="{EE9078C8-6946-4E2C-B8F8-35E65F4BE6A8}">
                                <parameters>
                                  <StreamObjects>
                                    <ShowAsTiles>false</ShowAsTiles>
                                    <StreamObject type="1" id="{f4e583f5-7e73-43eb-8793-276b20ff1b27}">
                                      <LogicalEntityName>account</LogicalEntityName>
                                      <EntityViewId>{00000000-0000-0000-00AA-000010001001}</EntityViewId>
                                    </StreamObject>
                                    <StreamObject type="1" id="{1974731d-f185-4bc4-b6dd-37a6fcb8e847}">
                                      <LogicalEntityName>account</LogicalEntityName>
                                      <EntityViewId>{00000000-0000-0000-00AA-000010001002}</EntityViewId>
                                    </StreamObject>
                                    <StreamObject type="1" id="{81CFD7EA-7DBD-451F-A2BA-60E61EB50E29}">
                                      <LogicalEntityName>account</LogicalEntityName>
                                      <EntityViewId>{00000000-0000-0000-00AA-000010001031}</EntityViewId>
                                    </StreamObject>
                                    <StreamObject type="1" id="{AF63BE3B-FBAA-44D4-AF06-7B52EF6C7F8E}">
                                      <LogicalEntityName>account</LogicalEntityName>
                                      <EntityViewId>{65FFAF9A-E8C5-432D-860B-32F841B00D87}</EntityViewId>
                                    </StreamObject>
                                  </StreamObjects>
                                </parameters>
                              </control>
                            </cell>
                          </row>
                          <row />
                          <row />
                          <row />
                          <row />
                          <row />
                          <row />
                          <row />
                          <row />
                          <row />
                          <row />
                          <row />
                        </rows>
                      </section>
                    </sections>
                  </column>
                </columns>
              </tab>
            </tabs>
          </form>
        </forms>
      </FormXml>
      <IntroducedVersion>8.0.0.0</IntroducedVersion>
      <IsTabletEnabled>0</IsTabletEnabled>
    </InteractionCentricDashboard>
  </InteractionCentricDashboards>
  <WebResources>
    <WebResource>
      <WebResourceId>{32bdc7de-038e-eb11-b1ac-000d3ad51361}</WebResourceId>
      <Name>dev_AccountLibrary.js</Name>
      <DisplayName>AccountLibrary.js</DisplayName>
      <WebResourceType>3</WebResourceType>
      <IntroducedVersion>1.0</IntroducedVersion>
      <IsEnabledForMobileClient>0</IsEnabledForMobileClient>
      <IsAvailableForMobileOffline>0</IsAvailableForMobileOffline>
      <DependencyXml>&lt;Dependencies&gt;&lt;Dependency componentType="WebResource"/&gt;&lt;/Dependencies&gt;</DependencyXml>
      <IsCustomizable>1</IsCustomizable>
      <CanBeDeleted>1</CanBeDeleted>
      <IsHidden>0</IsHidden>
      <FileName>/WebResources/dev_AccountLibraryjs32BDC7DE-038E-EB11-B1AC-000D3AD51361</FileName>
    </WebResource>
  </WebResources>
  <CustomControls>
    <CustomControl>
      <Name>dev_PCFCustomButtonNamespace.PCFCustomButtonComponent</Name>
      <FileName>/Controls/dev_PCFCustomButtonNamespace.PCFCustomButtonComponent/ControlManifest.xml</FileName>
    </CustomControl>
  </CustomControls>
  <SolutionPluginAssemblies>
    <PluginAssembly FullName="Call API Plugin, Version=1.0.0.0, Culture=neutral, PublicKeyToken=a0328af5e7700198" PluginAssemblyId="4825dbdf-df06-468c-ab43-ec57317ce267" CustomizationLevel="1">
      <IsolationMode>2</IsolationMode>
      <SourceType>0</SourceType>
      <IntroducedVersion>1.0</IntroducedVersion>
      <FileName>/PluginAssemblies/CallAPIPlugin-4825DBDF-DF06-468C-AB43-EC57317CE267/CallAPIPlugin.dll</FileName>
      <PluginTypes>
        <PluginType AssemblyQualifiedName="Call_API_Plugin.CallMockEndPoint, Call API Plugin, Version=1.0.0.0, Culture=neutral, PublicKeyToken=a0328af5e7700198" PluginTypeId="037b6f50-2793-4a21-b0b8-3f13141c2626" Name="Call_API_Plugin.CallMockEndPoint">
          <FriendlyName>179a5ef0-de81-4ba9-b09c-0c5f4235c538</FriendlyName>
        </PluginType>
      </PluginTypes>
    </PluginAssembly>
  </SolutionPluginAssemblies>
  <SdkMessageProcessingSteps>
    <SdkMessageProcessingStep Name="Call_API_Plugin.CallMockEndPoint: dev_TestMockEndpoints of any Entity" SdkMessageProcessingStepId="{accc0430-2191-eb11-b1ac-000d3a7f6c93}">
      <SdkMessageId>1dac2f1a-058e-eb11-b1ac-000d3ad51361</SdkMessageId>
      <PluginTypeName>Call_API_Plugin.CallMockEndPoint, Call API Plugin, Version=1.0.0.0, Culture=neutral, PublicKeyToken=a0328af5e7700198</PluginTypeName>
      <PluginTypeId>037b6f50-2793-4a21-b0b8-3f13141c2626</PluginTypeId>
      <AsyncAutoDelete>0</AsyncAutoDelete>
      <Description>Call_API_Plugin.CallMockEndPoint: dev_TestMockEndpoints of any Entity</Description>
      <FilteringAttributes></FilteringAttributes>
      <InvocationSource>0</InvocationSource>
      <Mode>0</Mode>
      <Rank>1</Rank>
      <EventHandlerTypeCode>4602</EventHandlerTypeCode>
      <Stage>40</Stage>
      <IsCustomizable>1</IsCustomizable>
      <IsHidden>0</IsHidden>
      <SupportedDeployment>0</SupportedDeployment>
      <IntroducedVersion>1.0</IntroducedVersion>
      <SdkMessageProcessingStepImages />
    </SdkMessageProcessingStep>
  </SdkMessageProcessingSteps>
  <EntityDataProviders />
  <Languages>
    <Language>1033</Language>
  </Languages>
</ImportExportXml>