<ImportExportXml version="9.2.21033.152" SolutionPackageVersion="9.2" languagecode="1033" generatedBy="CrmLive" xmlns:xsi="http://www.w3.org/2001/XMLSchema-instance">
  <SolutionManifest>
    <UniqueName>Solution</UniqueName>
    <LocalizedNames>
      <LocalizedName description="Solution" languagecode="1033" />
    </LocalizedNames>
    <Descriptions />
    <Version>1.1</Version>
    <Managed>1</Managed>
    <Publisher>
      <UniqueName>developer</UniqueName>
      <LocalizedNames>
        <LocalizedName description="developer" languagecode="1033" />
      </LocalizedNames>
      <Descriptions>
        <Description description="developer" languagecode="1033" />
      </Descriptions>
      <EMailAddress xsi:nil="true"></EMailAddress>
      <SupportingWebsiteUrl xsi:nil="true"></SupportingWebsiteUrl>
      <CustomizationPrefix>dev</CustomizationPrefix>
      <CustomizationOptionValuePrefix>29305</CustomizationOptionValuePrefix>
      <Addresses>
        <Address>
          <AddressNumber>1</AddressNumber>
          <AddressTypeCode>1</AddressTypeCode>
          <City xsi:nil="true"></City>
          <County xsi:nil="true"></County>
          <Country xsi:nil="true"></Country>
          <Fax xsi:nil="true"></Fax>
          <FreightTermsCode xsi:nil="true"></FreightTermsCode>
          <ImportSequenceNumber xsi:nil="true"></ImportSequenceNumber>
          <Latitude xsi:nil="true"></Latitude>
          <Line1 xsi:nil="true"></Line1>
          <Line2 xsi:nil="true"></Line2>
          <Line3 xsi:nil="true"></Line3>
          <Longitude xsi:nil="true"></Longitude>
          <Name xsi:nil="true"></Name>
          <PostalCode xsi:nil="true"></PostalCode>
          <PostOfficeBox xsi:nil="true"></PostOfficeBox>
          <PrimaryContactName xsi:nil="true"></PrimaryContactName>
          <ShippingMethodCode>1</ShippingMethodCode>
          <StateOrProvince xsi:nil="true"></StateOrProvince>
          <Telephone1 xsi:nil="true"></Telephone1>
          <Telephone2 xsi:nil="true"></Telephone2>
          <Telephone3 xsi:nil="true"></Telephone3>
          <TimeZoneRuleVersionNumber xsi:nil="true"></TimeZoneRuleVersionNumber>
          <UPSZone xsi:nil="true"></UPSZone>
          <UTCOffset xsi:nil="true"></UTCOffset>
          <UTCConversionTimeZoneCode xsi:nil="true"></UTCConversionTimeZoneCode>
        </Address>
        <Address>
          <AddressNumber>2</AddressNumber>
          <AddressTypeCode>1</AddressTypeCode>
          <City xsi:nil="true"></City>
          <County xsi:nil="true"></County>
          <Country xsi:nil="true"></Country>
          <Fax xsi:nil="true"></Fax>
          <FreightTermsCode xsi:nil="true"></FreightTermsCode>
          <ImportSequenceNumber xsi:nil="true"></ImportSequenceNumber>
          <Latitude xsi:nil="true"></Latitude>
          <Line1 xsi:nil="true"></Line1>
          <Line2 xsi:nil="true"></Line2>
          <Line3 xsi:nil="true"></Line3>
          <Longitude xsi:nil="true"></Longitude>
          <Name xsi:nil="true"></Name>
          <PostalCode xsi:nil="true"></PostalCode>
          <PostOfficeBox xsi:nil="true"></PostOfficeBox>
          <PrimaryContactName xsi:nil="true"></PrimaryContactName>
          <ShippingMethodCode>1</ShippingMethodCode>
          <StateOrProvince xsi:nil="true"></StateOrProvince>
          <Telephone1 xsi:nil="true"></Telephone1>
          <Telephone2 xsi:nil="true"></Telephone2>
          <Telephone3 xsi:nil="true"></Telephone3>
          <TimeZoneRuleVersionNumber xsi:nil="true"></TimeZoneRuleVersionNumber>
          <UPSZone xsi:nil="true"></UPSZone>
          <UTCOffset xsi:nil="true"></UTCOffset>
          <UTCConversionTimeZoneCode xsi:nil="true"></UTCConversionTimeZoneCode>
        </Address>
      </Addresses>
    </Publisher>
    <RootComponents>
      <RootComponent type="1" schemaName="account" behavior="0" />
      <RootComponent type="29" id="{f027ab20-6e26-4759-803c-b244943c07f5}" behavior="0" />
      <RootComponent type="60" id="{15915835-b87c-49ec-9ffc-bfac3ac44ef1}" behavior="0" />
      <RootComponent type="60" id="{8448b78f-8f42-454e-8e2a-f8196b0419af}" behavior="0" />
      <RootComponent type="61" schemaName="dev_AccountLibrary.js" behavior="0" />
      <RootComponent type="66" schemaName="dev_PCFCustomButtonNamespace.PCFCustomButtonComponent" behavior="0" />
      <RootComponent type="91" id="{4825dbdf-df06-468c-ab43-ec57317ce267}" schemaName="Call API Plugin, Version=1.0.0.0, Culture=neutral, PublicKeyToken=a0328af5e7700198" behavior="0" />
      <RootComponent type="92" id="{accc0430-2191-eb11-b1ac-000d3a7f6c93}" behavior="0" />
    </RootComponents>
    <MissingDependencies>
      <MissingDependency>
        <Required key="0" type="1" schemaName="bookableresource" displayName="Bookable Resource" solution="msdynce_Scheduling (9.0.0.0)" />
        <Dependent key="1" type="10" schemaName="msdyn_bookableresource_account_PreferredResource" displayName="msdyn_bookableresource_account_PreferredResource" parentSchemaName="bookableresource" parentDisplayName="Bookable Resource" />
      </MissingDependency>
      <MissingDependency>
        <Required key="2" type="2" schemaName="bookableresourceid" displayName="Bookable Resource" parentSchemaName="bookableresource" parentDisplayName="Bookable Resource" solution="msdynce_Scheduling (9.0.0.0)" />
        <Dependent key="1" type="10" schemaName="msdyn_bookableresource_account_PreferredResource" displayName="msdyn_bookableresource_account_PreferredResource" parentSchemaName="bookableresource" parentDisplayName="Bookable Resource" />
      </MissingDependency>
      <MissingDependency>
        <Required key="3" type="2" schemaName="msdyn_preferredresource" displayName="Preferred Resource (Deprecated)" parentSchemaName="account" parentDisplayName="Account" solution="FieldService (8.8.0.88)" />
        <Dependent key="1" type="10" schemaName="msdyn_bookableresource_account_PreferredResource" displayName="msdyn_bookableresource_account_PreferredResource" parentSchemaName="bookableresource" parentDisplayName="Bookable Resource" />
      </MissingDependency>
      <MissingDependency>
        <Required key="4" type="2" schemaName="name" displayName="Name" parentSchemaName="bookableresource" parentDisplayName="Bookable Resource" solution="msdynce_Scheduling (9.0.0.0)" />
        <Dependent key="1" type="10" schemaName="msdyn_bookableresource_account_PreferredResource" displayName="msdyn_bookableresource_account_PreferredResource" parentSchemaName="bookableresource" parentDisplayName="Bookable Resource" />
      </MissingDependency>
      <MissingDependency>
        <Required key="1" type="10" schemaName="msdyn_bookableresource_account_PreferredResource" displayName="msdyn_bookableresource_account_PreferredResource" parentSchemaName="bookableresource" parentDisplayName="Bookable Resource" solution="FieldService (8.8.0.88)" />
        <Dependent key="1" type="10" schemaName="msdyn_bookableresource_account_PreferredResource" displayName="msdyn_bookableresource_account_PreferredResource" parentSchemaName="bookableresource" parentDisplayName="Bookable Resource" />
      </MissingDependency>
      <MissingDependency>
        <Required key="5" type="1" schemaName="territory" displayName="Territory" solution="msdynce_AppCommon (9.0.4.0066)" />
        <Dependent key="6" type="10" schemaName="msdyn_territory_account_ServiceTerritory" displayName="msdyn_territory_account_ServiceTerritory" parentSchemaName="territory" parentDisplayName="Territory" />
      </MissingDependency>
      <MissingDependency>
        <Required key="7" type="2" schemaName="name" displayName="Territory Name" parentSchemaName="territory" parentDisplayName="Territory" solution="msdynce_AppCommon (9.0.4.0066)" />
        <Dependent key="6" type="10" schemaName="msdyn_territory_account_ServiceTerritory" displayName="msdyn_territory_account_ServiceTerritory" parentSchemaName="territory" parentDisplayName="Territory" />
      </MissingDependency>
      <MissingDependency>
        <Required key="8" type="2" schemaName="territoryid" displayName="Territory" parentSchemaName="territory" parentDisplayName="Territory" solution="msdynce_AppCommon (9.0.4.0066)" />
        <Dependent key="6" type="10" schemaName="msdyn_territory_account_ServiceTerritory" displayName="msdyn_territory_account_ServiceTerritory" parentSchemaName="territory" parentDisplayName="Territory" />
      </MissingDependency>
      <MissingDependency>
        <Required key="9" type="2" schemaName="msdyn_serviceterritory" displayName="Service Territory" parentSchemaName="account" parentDisplayName="Account" solution="FieldService (8.8.0.88)" />
        <Dependent key="6" type="10" schemaName="msdyn_territory_account_ServiceTerritory" displayName="msdyn_territory_account_ServiceTerritory" parentSchemaName="territory" parentDisplayName="Territory" />
      </MissingDependency>
      <MissingDependency>
        <Required key="6" type="10" schemaName="msdyn_territory_account_ServiceTerritory" displayName="msdyn_territory_account_ServiceTerritory" parentSchemaName="territory" parentDisplayName="Territory" solution="FieldService (8.8.0.88)" />
        <Dependent key="6" type="10" schemaName="msdyn_territory_account_ServiceTerritory" displayName="msdyn_territory_account_ServiceTerritory" parentSchemaName="territory" parentDisplayName="Territory" />
      </MissingDependency>
      <MissingDependency>
        <Required key="10" type="1" schemaName="msdyn_taxcode" displayName="Tax Code" solution="FieldServiceCommon (1.0.0.134)" />
        <Dependent key="11" type="10" schemaName="msdyn_msdyn_taxcode_account_SalesTaxCode" displayName="msdyn_msdyn_taxcode_account_SalesTaxCode" parentSchemaName="msdyn_taxcode" parentDisplayName="Tax Code" />
      </MissingDependency>
      <MissingDependency>
        <Required key="12" type="2" schemaName="msdyn_taxcodeid" displayName="Tax Code" parentSchemaName="msdyn_taxcode" parentDisplayName="Tax Code" solution="FieldServiceCommon (1.0.0.134)" />
        <Dependent key="11" type="10" schemaName="msdyn_msdyn_taxcode_account_SalesTaxCode" displayName="msdyn_msdyn_taxcode_account_SalesTaxCode" parentSchemaName="msdyn_taxcode" parentDisplayName="Tax Code" />
      </MissingDependency>
      <MissingDependency>
        <Required key="13" type="2" schemaName="msdyn_name" displayName="Name" parentSchemaName="msdyn_taxcode" parentDisplayName="Tax Code" solution="FieldServiceCommon (1.0.0.134)" />
        <Dependent key="11" type="10" schemaName="msdyn_msdyn_taxcode_account_SalesTaxCode" displayName="msdyn_msdyn_taxcode_account_SalesTaxCode" parentSchemaName="msdyn_taxcode" parentDisplayName="Tax Code" />
      </MissingDependency>
      <MissingDependency>
        <Required key="14" type="2" schemaName="msdyn_salestaxcode" displayName="Sales Tax Code" parentSchemaName="account" parentDisplayName="Account" solution="FieldService (8.8.0.88)" />
        <Dependent key="11" type="10" schemaName="msdyn_msdyn_taxcode_account_SalesTaxCode" displayName="msdyn_msdyn_taxcode_account_SalesTaxCode" parentSchemaName="msdyn_taxcode" parentDisplayName="Tax Code" />
      </MissingDependency>
      <MissingDependency>
        <Required key="11" type="10" schemaName="msdyn_msdyn_taxcode_account_SalesTaxCode" displayName="msdyn_msdyn_taxcode_account_SalesTaxCode" parentSchemaName="msdyn_taxcode" parentDisplayName="Tax Code" solution="FieldService (8.8.0.88)" />
        <Dependent key="11" type="10" schemaName="msdyn_msdyn_taxcode_account_SalesTaxCode" displayName="msdyn_msdyn_taxcode_account_SalesTaxCode" parentSchemaName="msdyn_taxcode" parentDisplayName="Tax Code" />
      </MissingDependency>
      <MissingDependency>
        <Required key="15" type="1" schemaName="msdyn_workhourtemplate" displayName="Work template" solution="MicrosoftDynamicsScheduling (3.12.0.448)" />
        <Dependent key="16" type="10" schemaName="msdyn_msdyn_workhourtemplate_account_workhourtemplate" displayName="msdyn_msdyn_workhourtemplate_account_workhourtemplate" parentSchemaName="msdyn_workhourtemplate" parentDisplayName="Work template" />
      </MissingDependency>
      <MissingDependency>
        <Required key="17" type="2" schemaName="msdyn_workhourtemplate" displayName="Work Hour Template" parentSchemaName="account" parentDisplayName="Account" solution="FieldService (8.8.0.88)" />
        <Dependent key="16" type="10" schemaName="msdyn_msdyn_workhourtemplate_account_workhourtemplate" displayName="msdyn_msdyn_workhourtemplate_account_workhourtemplate" parentSchemaName="msdyn_workhourtemplate" parentDisplayName="Work template" />
      </MissingDependency>
      <MissingDependency>
        <Required key="18" type="2" schemaName="msdyn_workhourtemplateid" displayName="Work Template" parentSchemaName="msdyn_workhourtemplate" parentDisplayName="Work template" solution="MicrosoftDynamicsScheduling (3.12.0.448)" />
        <Dependent key="16" type="10" schemaName="msdyn_msdyn_workhourtemplate_account_workhourtemplate" displayName="msdyn_msdyn_workhourtemplate_account_workhourtemplate" parentSchemaName="msdyn_workhourtemplate" parentDisplayName="Work template" />
      </MissingDependency>
      <MissingDependency>
        <Required key="19" type="2" schemaName="msdyn_name" displayName="Name" parentSchemaName="msdyn_workhourtemplate" parentDisplayName="Work template" solution="MicrosoftDynamicsScheduling (3.12.0.448)" />
        <Dependent key="16" type="10" schemaName="msdyn_msdyn_workhourtemplate_account_workhourtemplate" displayName="msdyn_msdyn_workhourtemplate_account_workhourtemplate" parentSchemaName="msdyn_workhourtemplate" parentDisplayName="Work template" />
      </MissingDependency>
      <MissingDependency>
        <Required key="16" type="10" schemaName="msdyn_msdyn_workhourtemplate_account_workhourtemplate" displayName="msdyn_msdyn_workhourtemplate_account_workhourtemplate" parentSchemaName="msdyn_workhourtemplate" parentDisplayName="Work template" solution="FieldService (8.8.0.88)" />
        <Dependent key="16" type="10" schemaName="msdyn_msdyn_workhourtemplate_account_workhourtemplate" displayName="msdyn_msdyn_workhourtemplate_account_workhourtemplate" parentSchemaName="msdyn_workhourtemplate" parentDisplayName="Work template" />
      </MissingDependency>
      <MissingDependency>
        <Required key="20" type="2" schemaName="msdyn_billingaccount" displayName="Billing Account" parentSchemaName="account" parentDisplayName="Account" solution="FieldServiceCommon (1.0.0.134)" />
        <Dependent key="21" type="10" schemaName="msdyn_account_account_BillingAccount" displayName="msdyn_account_account_BillingAccount" parentSchemaName="account" parentDisplayName="Account" />
      </MissingDependency>
      <MissingDependency>
        <Required key="22" type="1" schemaName="incident" displayName="Case" solution="msdynce_Service (9.0.5.56)" />
        <Dependent key="23" type="60" displayName="Account for Multisession experience" parentDisplayName="Account" id="{ff49442f-8c60-4877-bdae-8fe51e6f4636}" />
      </MissingDependency>
      <MissingDependency>
        <Required key="24" type="2" schemaName="originatingleadid" displayName="Originating Lead" parentSchemaName="account" parentDisplayName="Account" solution="msdynce_LeadManagement (9.0.4.0066)" />
        <Dependent key="23" type="60" displayName="Account for Multisession experience" parentDisplayName="Account" id="{ff49442f-8c60-4877-bdae-8fe51e6f4636}" />
      </MissingDependency>
      <MissingDependency>
        <Required key="25" type="20" displayName="CSR Manager" solution="msdynce_Service (9.0.5.56)" id="{37c6f95e-3196-40b7-8981-e2abb6b9bec3}" parentId="{1808b939-dd07-4ca7-aa99-ddd2734378f1}" />
        <Dependent key="23" type="60" displayName="Account for Multisession experience" parentDisplayName="Account" id="{ff49442f-8c60-4877-bdae-8fe51e6f4636}" />
      </MissingDependency>
      <MissingDependency>
        <Required key="26" type="20" displayName="Customer service app access" solution="msdynce_Customerservicehub (9.0.5.0056)" id="{3dac4d9e-568c-e611-80d4-00155d42a122}" />
        <Dependent key="23" type="60" displayName="Account for Multisession experience" parentDisplayName="Account" id="{ff49442f-8c60-4877-bdae-8fe51e6f4636}" />
      </MissingDependency>
      <MissingDependency>
        <Required key="27" type="20" displayName="Customer Service Representative" solution="msdynce_Service (9.0.5.56)" id="{ee499515-f358-4911-9277-beef34c1aea9}" parentId="{ecfd0b44-5720-45e3-ae68-417ddb0fb654}" />
        <Dependent key="23" type="60" displayName="Account for Multisession experience" parentDisplayName="Account" id="{ff49442f-8c60-4877-bdae-8fe51e6f4636}" />
      </MissingDependency>
      <MissingDependency>
        <Required key="28" type="26" schemaName="Active Cases" displayName="Active Cases" parentSchemaName="incident" parentDisplayName="Case" solution="msdynce_Service (9.0.5.56)" id="{00000000-0000-0000-00aa-000010001032}" />
        <Dependent key="23" type="60" displayName="Account for Multisession experience" parentDisplayName="Account" id="{ff49442f-8c60-4877-bdae-8fe51e6f4636}" />
      </MissingDependency>
      <MissingDependency>
        <Required key="29" type="26" schemaName="My Active Cases" displayName="My Active Cases" parentSchemaName="incident" parentDisplayName="Case" solution="msdynce_Service (9.0.5.56)" id="{00000000-0000-0000-00aa-000010001028}" />
        <Dependent key="23" type="60" displayName="Account for Multisession experience" parentDisplayName="Account" id="{ff49442f-8c60-4877-bdae-8fe51e6f4636}" />
      </MissingDependency>
      <MissingDependency>
        <Required key="30" type="59" schemaName="Active Cases by Agent" displayName="Active Cases by Agent" parentSchemaName="incident" parentDisplayName="Case" solution="msdynce_Service (9.0.5.56)" id="{4143b74e-4a07-4d01-9ffe-2cdcaa4208fd}" />
        <Dependent key="23" type="60" displayName="Account for Multisession experience" parentDisplayName="Account" id="{ff49442f-8c60-4877-bdae-8fe51e6f4636}" />
      </MissingDependency>
      <MissingDependency>
        <Required key="31" type="60" displayName="account contact card" parentDisplayName="Contact" solution="msdynce_AppCommon (9.0.4.0066)" id="{29de27bc-a257-4f29-99cf-bab4a84e688f}" />
        <Dependent key="23" type="60" displayName="Account for Multisession experience" parentDisplayName="Account" id="{ff49442f-8c60-4877-bdae-8fe51e6f4636}" />
      </MissingDependency>
      <MissingDependency>
        <Required key="23" type="60" displayName="Account for Multisession experience" parentDisplayName="Account" solution="msdynce_ServicePatch201911 (9.0.21032.1012)" id="{ff49442f-8c60-4877-bdae-8fe51e6f4636}" />
        <Dependent key="23" type="60" displayName="Account for Multisession experience" parentDisplayName="Account" id="{ff49442f-8c60-4877-bdae-8fe51e6f4636}" />
      </MissingDependency>
      <MissingDependency>
        <Required key="32" type="61" schemaName="msdyn_/RecordWall.htm" displayName="msdyn_/RecordWall.htm" solution="ActivityFeedsCore (9.0.0.0005)" />
        <Dependent key="23" type="60" displayName="Account for Multisession experience" parentDisplayName="Account" id="{ff49442f-8c60-4877-bdae-8fe51e6f4636}" />
      </MissingDependency>
      <MissingDependency>
        <Required key="33" type="61" schemaName="msdyn_/ActivityFeeds.Form.js" displayName="msdyn_/ActivityFeeds.Form.js" solution="ActivityFeedsCore (9.0.0.0005)" />
        <Dependent key="23" type="60" displayName="Account for Multisession experience" parentDisplayName="Account" id="{ff49442f-8c60-4877-bdae-8fe51e6f4636}" />
      </MissingDependency>
      <MissingDependency>
        <Required key="34" type="61" schemaName="AppCommon/Account/Account_main_system_library.js" displayName="AppCommon/Account/Account_main_system_library.js" solution="msdynce_AppCommon (9.0.4.0066)" />
        <Dependent key="23" type="60" displayName="Account for Multisession experience" parentDisplayName="Account" id="{ff49442f-8c60-4877-bdae-8fe51e6f4636}" />
      </MissingDependency>
      <MissingDependency>
        <Required key="35" type="1" schemaName="msdyn_accountpricelist" displayName="Account Project Price List" solution="ProjectService (3.10.0.31)" />
        <Dependent key="36" type="60" displayName="Account" parentDisplayName="Account" id="{8448b78f-8f42-454e-8e2a-f8196b0419af}" />
      </MissingDependency>
      <MissingDependency>
        <Required key="9" type="2" schemaName="msdyn_serviceterritory" displayName="Service Territory" parentSchemaName="account" parentDisplayName="Account" solution="FieldService (8.8.0.88)" />
        <Dependent key="36" type="60" displayName="Account" parentDisplayName="Account" id="{8448b78f-8f42-454e-8e2a-f8196b0419af}" />
      </MissingDependency>
      <MissingDependency>
        <Required key="37" type="2" schemaName="msdyn_taxexemptnumber" displayName="Tax Exempt Number" parentSchemaName="account" parentDisplayName="Account" solution="FieldServiceCommon (1.0.0.134)" />
        <Dependent key="36" type="60" displayName="Account" parentDisplayName="Account" id="{8448b78f-8f42-454e-8e2a-f8196b0419af}" />
      </MissingDependency>
      <MissingDependency>
        <Required key="38" type="2" schemaName="msdyn_taxexempt" displayName="Tax Exempt" parentSchemaName="account" parentDisplayName="Account" solution="FieldServiceCommon (1.0.0.134)" />
        <Dependent key="36" type="60" displayName="Account" parentDisplayName="Account" id="{8448b78f-8f42-454e-8e2a-f8196b0419af}" />
      </MissingDependency>
      <MissingDependency>
        <Required key="39" type="2" schemaName="msdyn_travelchargetype" displayName="Travel Charge Type" parentSchemaName="account" parentDisplayName="Account" solution="FieldService (8.8.0.88)" />
        <Dependent key="36" type="60" displayName="Account" parentDisplayName="Account" id="{8448b78f-8f42-454e-8e2a-f8196b0419af}" />
      </MissingDependency>
      <MissingDependency>
        <Required key="20" type="2" schemaName="msdyn_billingaccount" displayName="Billing Account" parentSchemaName="account" parentDisplayName="Account" solution="FieldServiceCommon (1.0.0.134)" />
        <Dependent key="36" type="60" displayName="Account" parentDisplayName="Account" id="{8448b78f-8f42-454e-8e2a-f8196b0419af}" />
      </MissingDependency>
      <MissingDependency>
        <Required key="14" type="2" schemaName="msdyn_salestaxcode" displayName="Sales Tax Code" parentSchemaName="account" parentDisplayName="Account" solution="FieldService (8.8.0.88)" />
        <Dependent key="36" type="60" displayName="Account" parentDisplayName="Account" id="{8448b78f-8f42-454e-8e2a-f8196b0419af}" />
      </MissingDependency>
      <MissingDependency>
        <Required key="40" type="2" schemaName="msdyn_workorderinstructions" displayName="Work Order Instructions" parentSchemaName="account" parentDisplayName="Account" solution="FieldService (8.8.0.88)" />
        <Dependent key="36" type="60" displayName="Account" parentDisplayName="Account" id="{8448b78f-8f42-454e-8e2a-f8196b0419af}" />
      </MissingDependency>
      <MissingDependency>
        <Required key="41" type="2" schemaName="msdyn_travelcharge" displayName="Travel Charge" parentSchemaName="account" parentDisplayName="Account" solution="FieldService (8.8.0.88)" />
        <Dependent key="36" type="60" displayName="Account" parentDisplayName="Account" id="{8448b78f-8f42-454e-8e2a-f8196b0419af}" />
      </MissingDependency>
      <MissingDependency>
        <Required key="42" type="2" schemaName="defaultpricelevelid" displayName="Product Price List" parentSchemaName="account" parentDisplayName="Account" solution="msdynce_ProductManagement (9.0.4.0066)" />
        <Dependent key="36" type="60" displayName="Account" parentDisplayName="Account" id="{8448b78f-8f42-454e-8e2a-f8196b0419af}" />
      </MissingDependency>
      <MissingDependency>
        <Required key="17" type="2" schemaName="msdyn_workhourtemplate" displayName="Work Hour Template" parentSchemaName="account" parentDisplayName="Account" solution="FieldService (8.8.0.88)" />
        <Dependent key="36" type="60" displayName="Account" parentDisplayName="Account" id="{8448b78f-8f42-454e-8e2a-f8196b0419af}" />
      </MissingDependency>
      <MissingDependency>
        <Required key="16" type="10" schemaName="msdyn_msdyn_workhourtemplate_account_workhourtemplate" displayName="msdyn_msdyn_workhourtemplate_account_workhourtemplate" parentSchemaName="msdyn_workhourtemplate" parentDisplayName="Work template" solution="FieldService (8.8.0.88)" />
        <Dependent key="36" type="60" displayName="Account" parentDisplayName="Account" id="{8448b78f-8f42-454e-8e2a-f8196b0419af}" />
      </MissingDependency>
      <MissingDependency>
        <Required key="6" type="10" schemaName="msdyn_territory_account_ServiceTerritory" displayName="msdyn_territory_account_ServiceTerritory" parentSchemaName="territory" parentDisplayName="Territory" solution="FieldService (8.8.0.88)" />
        <Dependent key="36" type="60" displayName="Account" parentDisplayName="Account" id="{8448b78f-8f42-454e-8e2a-f8196b0419af}" />
      </MissingDependency>
      <MissingDependency>
        <Required key="11" type="10" schemaName="msdyn_msdyn_taxcode_account_SalesTaxCode" displayName="msdyn_msdyn_taxcode_account_SalesTaxCode" parentSchemaName="msdyn_taxcode" parentDisplayName="Tax Code" solution="FieldService (8.8.0.88)" />
        <Dependent key="36" type="60" displayName="Account" parentDisplayName="Account" id="{8448b78f-8f42-454e-8e2a-f8196b0419af}" />
      </MissingDependency>
      <MissingDependency>
        <Required key="21" type="10" schemaName="msdyn_account_account_BillingAccount" displayName="msdyn_account_account_BillingAccount" parentSchemaName="account" parentDisplayName="Account" solution="FieldServiceCommon (1.0.0.134)" />
        <Dependent key="36" type="60" displayName="Account" parentDisplayName="Account" id="{8448b78f-8f42-454e-8e2a-f8196b0419af}" />
      </MissingDependency>
      <MissingDependency>
        <Required key="43" type="10" schemaName="msdyn_account_msdyn_rtv_Vendor" displayName="msdyn_account_msdyn_rtv_Vendor" parentSchemaName="account" parentDisplayName="Account" solution="FieldService (8.8.0.88)" />
        <Dependent key="36" type="60" displayName="Account" parentDisplayName="Account" id="{8448b78f-8f42-454e-8e2a-f8196b0419af}" />
      </MissingDependency>
      <MissingDependency>
        <Required key="44" type="10" schemaName="msdyn_account_msdyn_purchaseorder_Vendor" displayName="msdyn_account_msdyn_purchaseorder_Vendor" parentSchemaName="account" parentDisplayName="Account" solution="FieldServiceCommon (1.0.0.134)" />
        <Dependent key="36" type="60" displayName="Account" parentDisplayName="Account" id="{8448b78f-8f42-454e-8e2a-f8196b0419af}" />
      </MissingDependency>
      <MissingDependency>
        <Required key="45" type="10" schemaName="msdyn_account_msdyn_rma_ServiceAccount" displayName="msdyn_account_msdyn_rma_ServiceAccount" parentSchemaName="account" parentDisplayName="Account" solution="FieldService (8.8.0.88)" />
        <Dependent key="36" type="60" displayName="Account" parentDisplayName="Account" id="{8448b78f-8f42-454e-8e2a-f8196b0419af}" />
      </MissingDependency>
      <MissingDependency>
        <Required key="46" type="10" schemaName="msdyn_account_msdyn_customerasset_Account" displayName="msdyn_account_msdyn_customerasset_Account" parentSchemaName="msdyn_customerasset" parentDisplayName="Customer Asset" solution="msdyn_AssetCommon (1.0.7.50)" />
        <Dependent key="36" type="60" displayName="Account" parentDisplayName="Account" id="{8448b78f-8f42-454e-8e2a-f8196b0419af}" />
      </MissingDependency>
      <MissingDependency>
        <Required key="47" type="10" schemaName="msdyn_account_msdyn_workorder_BillingAccount" displayName="msdyn_account_msdyn_workorder_BillingAccount" parentSchemaName="account" parentDisplayName="Account" solution="FieldService (8.8.0.88)" />
        <Dependent key="36" type="60" displayName="Account" parentDisplayName="Account" id="{8448b78f-8f42-454e-8e2a-f8196b0419af}" />
      </MissingDependency>
      <MissingDependency>
        <Required key="48" type="10" schemaName="msdyn_account_msdyn_workorder_ServiceAccount" displayName="msdyn_account_msdyn_workorder_ServiceAccount" parentSchemaName="account" parentDisplayName="Account" solution="FieldService (8.8.0.88)" />
        <Dependent key="36" type="60" displayName="Account" parentDisplayName="Account" id="{8448b78f-8f42-454e-8e2a-f8196b0419af}" />
      </MissingDependency>
      <MissingDependency>
        <Required key="49" type="10" schemaName="msdyn_account_msdyn_accountpricelist_Account" displayName="msdyn_account_msdyn_accountpricelist_Account" parentSchemaName="account" parentDisplayName="Account" solution="ProjectService (3.10.0.31)" />
        <Dependent key="36" type="60" displayName="Account" parentDisplayName="Account" id="{8448b78f-8f42-454e-8e2a-f8196b0419af}" />
      </MissingDependency>
      <MissingDependency>
        <Required key="50" type="10" schemaName="msdyn_account_msdyn_payment_Account" displayName="msdyn_account_msdyn_payment_Account" parentSchemaName="account" parentDisplayName="Account" solution="FieldService (8.8.0.88)" />
        <Dependent key="36" type="60" displayName="Account" parentDisplayName="Account" id="{8448b78f-8f42-454e-8e2a-f8196b0419af}" />
      </MissingDependency>
      <MissingDependency>
        <Required key="51" type="10" schemaName="msdyn_account_msdyn_agreement_ServiceAccount" displayName="msdyn_account_msdyn_agreement_ServiceAccount" parentSchemaName="account" parentDisplayName="Account" solution="FieldService (8.8.0.88)" />
        <Dependent key="36" type="60" displayName="Account" parentDisplayName="Account" id="{8448b78f-8f42-454e-8e2a-f8196b0419af}" />
      </MissingDependency>
      <MissingDependency>
        <Required key="52" type="10" schemaName="msdyn_account_msdyn_project_Customer" displayName="msdyn_account_msdyn_project_Customer" parentSchemaName="account" parentDisplayName="Account" solution="ProjectService (3.10.0.31)" />
        <Dependent key="36" type="60" displayName="Account" parentDisplayName="Account" id="{8448b78f-8f42-454e-8e2a-f8196b0419af}" />
      </MissingDependency>
      <MissingDependency>
        <Required key="53" type="10" schemaName="msdyn_account_msdyn_agreement_BillingAccount" displayName="msdyn_account_msdyn_agreement_BillingAccount" parentSchemaName="account" parentDisplayName="Account" solution="FieldService (8.8.0.88)" />
        <Dependent key="36" type="60" displayName="Account" parentDisplayName="Account" id="{8448b78f-8f42-454e-8e2a-f8196b0419af}" />
      </MissingDependency>
      <MissingDependency>
        <Required key="54" type="10" schemaName="msdyn_account_msdyn_rma_BillingAccount" displayName="msdyn_account_msdyn_rma_BillingAccount" parentSchemaName="account" parentDisplayName="Account" solution="FieldService (8.8.0.88)" />
        <Dependent key="36" type="60" displayName="Account" parentDisplayName="Account" id="{8448b78f-8f42-454e-8e2a-f8196b0419af}" />
      </MissingDependency>
      <MissingDependency>
        <Required key="55" type="26" schemaName="Active Project Price Lists" displayName="Active Project Price Lists" parentSchemaName="msdyn_accountpricelist" parentDisplayName="Account Project Price List" solution="ProjectService (3.10.0.31)" id="{9e8bd99a-72e8-49fe-8c6f-ec1ac8407f5a}" />
        <Dependent key="36" type="60" displayName="Account" parentDisplayName="Account" id="{8448b78f-8f42-454e-8e2a-f8196b0419af}" />
      </MissingDependency>
      <MissingDependency>
        <Required key="31" type="60" displayName="account contact card" parentDisplayName="Contact" solution="msdynce_AppCommon (9.0.4.0066)" id="{29de27bc-a257-4f29-99cf-bab4a84e688f}" />
        <Dependent key="36" type="60" displayName="Account" parentDisplayName="Account" id="{8448b78f-8f42-454e-8e2a-f8196b0419af}" />
      </MissingDependency>
      <MissingDependency>
        <Required key="36" type="60" displayName="Account" parentDisplayName="Account" solution="msdynce_AppCommon (9.0.4.0066)" id="{8448b78f-8f42-454e-8e2a-f8196b0419af}" />
        <Dependent key="36" type="60" displayName="Account" parentDisplayName="Account" id="{8448b78f-8f42-454e-8e2a-f8196b0419af}" />
      </MissingDependency>
      <MissingDependency>
        <Required key="56" type="66" schemaName="MscrmControls.CardFeedContainer.CardFeedContainer" displayName="MscrmControls.CardFeedContainer.CardFeedContainer" solution="BaseCustomControlsCore (9.0.2103.3018)" />
        <Dependent key="36" type="60" displayName="Account" parentDisplayName="Account" id="{8448b78f-8f42-454e-8e2a-f8196b0419af}" />
      </MissingDependency>
      <MissingDependency>
        <Required key="57" type="66" schemaName="msdyn_MscrmControls.TreeView.TreeViewControl" displayName="msdyn_MscrmControls.TreeView.TreeViewControl" solution="msdyn_AssetCommon (1.0.7.50)" />
        <Dependent key="36" type="60" displayName="Account" parentDisplayName="Account" id="{8448b78f-8f42-454e-8e2a-f8196b0419af}" />
      </MissingDependency>
      <MissingDependency>
        <Required key="58" type="61" schemaName="msdyn_/Libraries/require/require.js" displayName="msdyn_/Libraries/require/require.js" solution="ProjectService (3.10.0.31)" />
        <Dependent key="36" type="60" displayName="Account" parentDisplayName="Account" id="{8448b78f-8f42-454e-8e2a-f8196b0419af}" />
      </MissingDependency>
      <MissingDependency>
        <Required key="59" type="61" schemaName="msdyn_/Account/AssetCommon.Account.Library.js" displayName="msdyn_/Account/AssetCommon.Account.Library.js" solution="msdyn_AssetCommon (1.0.7.50)" />
        <Dependent key="36" type="60" displayName="Account" parentDisplayName="Account" id="{8448b78f-8f42-454e-8e2a-f8196b0419af}" />
      </MissingDependency>
      <MissingDependency>
        <Required key="60" type="61" schemaName="msdyn_/Account/Account.Library.js" displayName="msdyn_/Account/Account.Library.js" solution="FieldService (8.8.0.88)" />
        <Dependent key="36" type="60" displayName="Account" parentDisplayName="Account" id="{8448b78f-8f42-454e-8e2a-f8196b0419af}" />
      </MissingDependency>
      <MissingDependency>
        <Required key="61" type="61" schemaName="msdyn_/Utils/FieldServiceTrial.js" displayName="msdyn_/Utils/FieldServiceTrial.js" solution="FieldService (8.8.0.88)" />
        <Dependent key="36" type="60" displayName="Account" parentDisplayName="Account" id="{8448b78f-8f42-454e-8e2a-f8196b0419af}" />
      </MissingDependency>
      <MissingDependency>
        <Required key="62" type="2" schemaName="territoryid" displayName="Territory" parentSchemaName="account" parentDisplayName="Account" solution="msdynce_Sales (9.0.4.0076)" />
        <Dependent key="63" type="60" displayName="Information" parentDisplayName="Account" id="{b053a39a-041a-4356-acef-ddf00182762b}" />
      </MissingDependency>
      <MissingDependency>
        <Required key="42" type="2" schemaName="defaultpricelevelid" displayName="Product Price List" parentSchemaName="account" parentDisplayName="Account" solution="msdynce_ProductManagement (9.0.4.0066)" />
        <Dependent key="63" type="60" displayName="Information" parentDisplayName="Account" id="{b053a39a-041a-4356-acef-ddf00182762b}" />
      </MissingDependency>
      <MissingDependency>
        <Required key="24" type="2" schemaName="originatingleadid" displayName="Originating Lead" parentSchemaName="account" parentDisplayName="Account" solution="msdynce_LeadManagement (9.0.4.0066)" />
        <Dependent key="63" type="60" displayName="Information" parentDisplayName="Account" id="{b053a39a-041a-4356-acef-ddf00182762b}" />
      </MissingDependency>
      <MissingDependency>
        <Required key="63" type="60" displayName="Information" parentDisplayName="Account" solution="msdynce_AppCommon (9.0.4.0066)" id="{b053a39a-041a-4356-acef-ddf00182762b}" />
        <Dependent key="63" type="60" displayName="Information" parentDisplayName="Account" id="{b053a39a-041a-4356-acef-ddf00182762b}" />
      </MissingDependency>
      <MissingDependency>
        <Required key="34" type="61" schemaName="AppCommon/Account/Account_main_system_library.js" displayName="AppCommon/Account/Account_main_system_library.js" solution="msdynce_AppCommon (9.0.4.0066)" />
        <Dependent key="63" type="60" displayName="Information" parentDisplayName="Account" id="{b053a39a-041a-4356-acef-ddf00182762b}" />
      </MissingDependency>
      <MissingDependency>
        <Required key="33" type="61" schemaName="msdyn_/ActivityFeeds.Form.js" displayName="msdyn_/ActivityFeeds.Form.js" solution="ActivityFeedsCore (9.0.0.0005)" />
        <Dependent key="63" type="60" displayName="Information" parentDisplayName="Account" id="{b053a39a-041a-4356-acef-ddf00182762b}" />
      </MissingDependency>
      <MissingDependency>
        <Required key="32" type="61" schemaName="msdyn_/RecordWall.htm" displayName="msdyn_/RecordWall.htm" solution="ActivityFeedsCore (9.0.0.0005)" />
        <Dependent key="63" type="60" displayName="Information" parentDisplayName="Account" id="{b053a39a-041a-4356-acef-ddf00182762b}" />
      </MissingDependency>
      <MissingDependency>
        <Required key="64" type="26" schemaName="All Accounts" displayName="All Accounts" parentSchemaName="account" parentDisplayName="Account" solution="msdynce_AppCommon (9.0.4.0066)" id="{65ffaf9a-e8c5-432d-860b-32f841b00d87}" />
        <Dependent key="65" type="60" displayName="Accounts Dashboard" parentDisplayName="Account" id="{15915835-b87c-49ec-9ffc-bfac3ac44ef1}" />
      </MissingDependency>
      <MissingDependency>
        <Required key="65" type="60" displayName="Accounts Dashboard" parentDisplayName="Account" solution="msdynce_Service (9.0.5.56)" id="{15915835-b87c-49ec-9ffc-bfac3ac44ef1}" />
        <Dependent key="65" type="60" displayName="Accounts Dashboard" parentDisplayName="Account" id="{15915835-b87c-49ec-9ffc-bfac3ac44ef1}" />
      </MissingDependency>
      <MissingDependency>
        <Required key="66" type="1" schemaName="quotedetail" displayName="Quote Line" solution="msdynce_Sales (9.0.4.0076)" />
        <Dependent key="67" type="1" schemaName="account" displayName="Account" />
      </MissingDependency>
      <MissingDependency>
        <Required key="68" type="1" schemaName="msdyn_actual" displayName="Actual" solution="MicrosoftDynamicsScheduling (3.12.0.448)" />
        <Dependent key="67" type="1" schemaName="account" displayName="Account" />
      </MissingDependency>
      <MissingDependency>
        <Required key="69" type="1" schemaName="msdyn_payment" displayName="Payment" solution="FieldService (8.8.0.88)" />
        <Dependent key="67" type="1" schemaName="account" displayName="Account" />
      </MissingDependency>
      <MissingDependency>
        <Required key="70" type="1" schemaName="msdyn_rmaproduct" displayName="RMA Product" solution="FieldService (8.8.0.88)" />
        <Dependent key="67" type="1" schemaName="account" displayName="Account" />
      </MissingDependency>
      <MissingDependency>
        <Required key="71" type="1" schemaName="msdyn_liveconversation" displayName="Ongoing conversation (Deprecated)" solution="OmnichannelBase (1.5.0.383)" />
        <Dependent key="67" type="1" schemaName="account" displayName="Account" />
      </MissingDependency>
      <MissingDependency>
        <Required key="72" type="1" schemaName="opportunityproduct" displayName="Opportunity Line" solution="msdynce_Sales (9.0.4.0076)" />
        <Dependent key="67" type="1" schemaName="account" displayName="Account" />
      </MissingDependency>
      <MissingDependency>
        <Required key="73" type="1" schemaName="msdyn_geofence" displayName="Geofence" solution="msdyn_Geofencing (1.1.0.78)" />
        <Dependent key="67" type="1" schemaName="account" displayName="Account" />
      </MissingDependency>
      <MissingDependency>
        <Required key="74" type="1" schemaName="msdyn_estimateline" displayName="Estimate Line" solution="ProjectService (3.10.0.31)" />
        <Dependent key="67" type="1" schemaName="account" displayName="Account" />
      </MissingDependency>
      <MissingDependency>
        <Required key="75" type="1" schemaName="msdyn_ocliveworkitem" displayName="Conversation" solution="OmnichannelBase (1.5.0.383)" />
        <Dependent key="67" type="1" schemaName="account" displayName="Account" />
      </MissingDependency>
      <MissingDependency>
        <Required key="76" type="1" schemaName="msdyn_workorder" displayName="Work Order" solution="FieldService (8.8.0.88)" />
        <Dependent key="67" type="1" schemaName="account" displayName="Account" />
      </MissingDependency>
      <MissingDependency>
        <Required key="77" type="1" schemaName="msdyn_fact" displayName="Fact" solution="ProjectService (3.10.0.31)" />
        <Dependent key="67" type="1" schemaName="account" displayName="Account" />
      </MissingDependency>
      <MissingDependency>
        <Required key="78" type="1" schemaName="msdyn_customerasset" displayName="Customer Asset" solution="msdyn_AssetCommon (1.0.7.50)" />
        <Dependent key="67" type="1" schemaName="account" displayName="Account" />
      </MissingDependency>
      <MissingDependency>
        <Required key="79" type="1" schemaName="msdyn_quotelinetransaction" displayName="Quote Line Detail" solution="ProjectService (3.10.0.31)" />
        <Dependent key="67" type="1" schemaName="account" displayName="Account" />
      </MissingDependency>
      <MissingDependency>
        <Required key="80" type="1" schemaName="msdyn_journalline" displayName="Journal Line" solution="ProjectService (3.10.0.31)" />
        <Dependent key="67" type="1" schemaName="account" displayName="Account" />
      </MissingDependency>
      <MissingDependency>
        <Required key="81" type="1" schemaName="msdyn_rma" displayName="RMA" solution="FieldService (8.8.0.88)" />
        <Dependent key="67" type="1" schemaName="account" displayName="Account" />
      </MissingDependency>
      <MissingDependency>
        <Required key="82" type="1" schemaName="msdyn_invoicelinetransaction" displayName="Invoice Line Detail" solution="ProjectService (3.10.0.31)" />
        <Dependent key="67" type="1" schemaName="account" displayName="Account" />
      </MissingDependency>
      <MissingDependency>
        <Required key="83" type="1" schemaName="msdyn_project" displayName="Project" solution="ProjectService (3.10.0.31)" />
        <Dependent key="67" type="1" schemaName="account" displayName="Account" />
      </MissingDependency>
      <MissingDependency>
        <Required key="84" type="1" schemaName="product" displayName="Product" solution="msdynce_ProductManagement (9.0.4.0066)" />
        <Dependent key="67" type="1" schemaName="account" displayName="Account" />
      </MissingDependency>
      <MissingDependency>
        <Required key="85" type="1" schemaName="msdyn_entitlementapplication" displayName="Entitlement Application" solution="FieldService (8.8.0.88)" />
        <Dependent key="67" type="1" schemaName="account" displayName="Account" />
      </MissingDependency>
      <MissingDependency>
        <Required key="86" type="1" schemaName="msdyn_requirementresourcepreference" displayName="Requirement Resource Preference" solution="MicrosoftDynamicsScheduling (3.12.0.448)" />
        <Dependent key="67" type="1" schemaName="account" displayName="Account" />
      </MissingDependency>
      <MissingDependency>
        <Required key="87" type="1" schemaName="msdyn_iotdevice" displayName="IoT Device" solution="IoTConnector (1.8.11.1)" />
        <Dependent key="67" type="1" schemaName="account" displayName="Account" />
      </MissingDependency>
      <MissingDependency>
        <Required key="88" type="1" schemaName="quote" displayName="Quote" solution="msdynce_Sales (9.0.4.0076)" />
        <Dependent key="67" type="1" schemaName="account" displayName="Account" />
      </MissingDependency>
      <MissingDependency>
        <Required key="89" type="1" schemaName="msdyn_rtv" displayName="RTV" solution="FieldService (8.8.0.88)" />
        <Dependent key="67" type="1" schemaName="account" displayName="Account" />
      </MissingDependency>
      <MissingDependency>
        <Required key="90" type="1" schemaName="msdyn_agreement" displayName="Agreement" solution="FieldService (8.8.0.88)" />
        <Dependent key="67" type="1" schemaName="account" displayName="Account" />
      </MissingDependency>
      <MissingDependency>
        <Required key="35" type="1" schemaName="msdyn_accountpricelist" displayName="Account Project Price List" solution="ProjectService (3.10.0.31)" />
        <Dependent key="67" type="1" schemaName="account" displayName="Account" />
      </MissingDependency>
      <MissingDependency>
        <Required key="91" type="1" schemaName="msdyn_opportunitylinetransaction" displayName="Opportunity Line Detail (Deprecated)" solution="ProjectService (3.10.0.31)" />
        <Dependent key="67" type="1" schemaName="account" displayName="Account" />
      </MissingDependency>
      <MissingDependency>
        <Required key="92" type="1" schemaName="msdyn_orderlinetransaction" displayName="Project Contract Line Detail" solution="ProjectService (3.10.0.31)" />
        <Dependent key="67" type="1" schemaName="account" displayName="Account" />
      </MissingDependency>
      <MissingDependency>
        <Required key="93" type="1" schemaName="msdyn_purchaseorder" displayName="Purchase Order" solution="FieldServiceCommon (1.0.0.134)" />
        <Dependent key="67" type="1" schemaName="account" displayName="Account" />
      </MissingDependency>
      <MissingDependency>
        <Required key="94" type="1" schemaName="msdyn_workorderresourcerestriction" displayName="Resource Restriction (Deprecated)" solution="FieldService (8.8.0.88)" />
        <Dependent key="67" type="1" schemaName="account" displayName="Account" />
      </MissingDependency>
      <MissingDependency>
        <Required key="95" type="1" schemaName="salesorder" displayName="Order" solution="msdynce_Sales (9.0.4.0076)" />
        <Dependent key="67" type="1" schemaName="account" displayName="Account" />
      </MissingDependency>
      <MissingDependency>
        <Required key="11" type="10" schemaName="msdyn_msdyn_taxcode_account_SalesTaxCode" displayName="msdyn_msdyn_taxcode_account_SalesTaxCode" parentSchemaName="msdyn_taxcode" parentDisplayName="Tax Code" solution="FieldService (8.8.0.88)" />
        <Dependent key="96" type="2" schemaName="msdyn_salestaxcodename" parentSchemaName="account" parentDisplayName="Account" />
      </MissingDependency>
      <MissingDependency>
        <Required key="6" type="10" schemaName="msdyn_territory_account_ServiceTerritory" displayName="msdyn_territory_account_ServiceTerritory" parentSchemaName="territory" parentDisplayName="Territory" solution="FieldService (8.8.0.88)" />
        <Dependent key="97" type="2" schemaName="msdyn_serviceterritoryname" parentSchemaName="account" parentDisplayName="Account" />
      </MissingDependency>
      <MissingDependency>
        <Required key="21" type="10" schemaName="msdyn_account_account_BillingAccount" displayName="msdyn_account_account_BillingAccount" parentSchemaName="account" parentDisplayName="Account" solution="FieldServiceCommon (1.0.0.134)" />
        <Dependent key="98" type="2" schemaName="msdyn_billingaccountname" parentSchemaName="account" parentDisplayName="Account" />
      </MissingDependency>
      <MissingDependency>
        <Required key="16" type="10" schemaName="msdyn_msdyn_workhourtemplate_account_workhourtemplate" displayName="msdyn_msdyn_workhourtemplate_account_workhourtemplate" parentSchemaName="msdyn_workhourtemplate" parentDisplayName="Work template" solution="FieldService (8.8.0.88)" />
        <Dependent key="99" type="2" schemaName="msdyn_workhourtemplatename" parentSchemaName="account" parentDisplayName="Account" />
      </MissingDependency>
      <MissingDependency>
        <Required key="21" type="10" schemaName="msdyn_account_account_BillingAccount" displayName="msdyn_account_account_BillingAccount" parentSchemaName="account" parentDisplayName="Account" solution="FieldServiceCommon (1.0.0.134)" />
        <Dependent key="100" type="2" schemaName="msdyn_billingaccountyominame" parentSchemaName="account" parentDisplayName="Account" />
      </MissingDependency>
      <MissingDependency>
        <Required key="1" type="10" schemaName="msdyn_bookableresource_account_PreferredResource" displayName="msdyn_bookableresource_account_PreferredResource" parentSchemaName="bookableresource" parentDisplayName="Bookable Resource" solution="FieldService (8.8.0.88)" />
        <Dependent key="101" type="2" schemaName="msdyn_preferredresourcename" parentSchemaName="account" parentDisplayName="Account" />
      </MissingDependency>
    </MissingDependencies>
  </SolutionManifest>
</ImportExportXml>