{
    "$schema": "https://schema.management.azure.com/schemas/2015-01-01/deploymentParameters.json#",
    "contentVersion": "1.0.0.0",
    "parameters": {
        "subscriptions_606c83df2ba5fb0050070001_displayName": {
            "value": null
        },
        "subscriptions_606c83df2ba5fb0050070002_displayName": {
            "value": null
        },
        "users_1_lastName": {
            "value": null
        },
        "service_apim_mocking_response_zensar_name": {
            "value": null
        }
    }
}