{
    "$schema": "https://schema.management.azure.com/schemas/2019-04-01/deploymentTemplate.json#",
    "contentVersion": "1.0.0.0",
    "parameters": {
        "workflows_document_post_name": {
            "defaultValue": "document-post",
            "type": "String"
        }
    },
    "variables": {},
    "resources": [
        {
            "type": "Microsoft.Logic/workflows",
            "apiVersion": "2017-07-01",
            "name": "[parameters('workflows_document_post_name')]",
            "location": "uksouth",
            "properties": {
                "state": "Enabled",
                "definition": {
                    "$schema": "https://schema.management.azure.com/providers/Microsoft.Logic/schemas/2016-06-01/workflowdefinition.json#",
                    "contentVersion": "1.0.0.0",
                    "parameters": {},
                    "triggers": {
                        "request": {
                            "type": "Request",
                            "kind": "Http",
                            "inputs": {
                                "schema": {}
                            }
                        }
                    },
                    "actions": {
                        "Response": {
                            "runAfter": {},
                            "type": "Response",
                            "inputs": {
                                "body": {
                                    "P8Document": [
                                        {
                                            "P8DocumentId": "@{formatDateTime(utcNow(), 'yyyymmss')}"
                                        }
                                    ]
                                },
                                "schema": {
                                    "properties": {
                                        "Customers": {
                                            "items": {
                                                "properties": {
                                                    "clientId": {
                                                        "type": "string"
                                                    }
                                                },
                                                "required": [
                                                    "clientId"
                                                ],
                                                "type": "object"
                                            },
                                            "type": "array"
                                        }
                                    },
                                    "type": "object"
                                },
                                "statusCode": 200
                            }
                        }
                    },
                    "outputs": {}
                },
                "parameters": {}
            }
        }
    ]
}