{
    "$schema": "https://schema.management.azure.com/schemas/2019-04-01/deploymentTemplate.json#",
    "contentVersion": "1.0.0.0",
    "parameters": {
        "virtualMachines_ZTVM_name": {
            "defaultValue": "ZTVM",
            "type": "String"
        },
        "disks_ZTVM_OsDisk_1_6c92fbadca044b1f90d04289c3ecaeb2_externalid": {
            "defaultValue": "/subscriptions/aa67f734-be4e-4f5a-9f35-01f6c6ea3dbc/resourceGroups/LEARNING_AZURE/providers/Microsoft.Compute/disks/ZTVM_OsDisk_1_6c92fbadca044b1f90d04289c3ecaeb2",
            "type": "String"
        },
        "networkInterfaces_ztvm814_externalid": {
            "defaultValue": "/subscriptions/aa67f734-be4e-4f5a-9f35-01f6c6ea3dbc/resourceGroups/Learning_Azure/providers/Microsoft.Network/networkInterfaces/ztvm814",
            "type": "String"
        }
    },
    "variables": {},
    "resources": [
        {
            "type": "Microsoft.Compute/virtualMachines",
            "apiVersion": "2020-12-01",
            "name": "[parameters('virtualMachines_ZTVM_name')]",
            "location": "uksouth",
            "properties": {
                "hardwareProfile": {
                    "vmSize": "Standard_D2s_v3"
                },
                "storageProfile": {
                    "imageReference": {
                        "publisher": "MicrosoftWindowsDesktop",
                        "offer": "Windows-10",
                        "sku": "20h2-pro",
                        "version": "latest"
                    },
                    "osDisk": {
                        "osType": "Windows",
                        "name": "[concat(parameters('virtualMachines_ZTVM_name'), '_OsDisk_1_6c92fbadca044b1f90d04289c3ecaeb2')]",
                        "createOption": "FromImage",
                        "caching": "ReadWrite",
                        "managedDisk": {
                            "id": "[parameters('disks_ZTVM_OsDisk_1_6c92fbadca044b1f90d04289c3ecaeb2_externalid')]"
                        }
                    },
                    "dataDisks": []
                },
                "osProfile": {
                    "computerName": "[parameters('virtualMachines_ZTVM_name')]",
                    "adminUsername": "DeepSingh",
                    "windowsConfiguration": {
                        "provisionVMAgent": true,
                        "enableAutomaticUpdates": true,
                        "patchSettings": {
                            "patchMode": "AutomaticByOS",
                            "enableHotpatching": false
                        }
                    },
                    "secrets": [],
                    "allowExtensionOperations": true,
                    "requireGuestProvisionSignal": true
                },
                "networkProfile": {
                    "networkInterfaces": [
                        {
                            "id": "[parameters('networkInterfaces_ztvm814_externalid')]"
                        }
                    ]
                },
                "diagnosticsProfile": {
                    "bootDiagnostics": {
                        "enabled": true
                    }
                },
                "licenseType": "Windows_Client"
            }
        }
    ]
}