{
    "$schema": "https://schema.management.azure.com/schemas/2019-04-01/deploymentTemplate.json#",
    "contentVersion": "1.0.0.0",
    "parameters": {
        "workflows_account_post_name": {
            "defaultValue": "account-post",
            "type": "String"
        }
    },
    "variables": {},
    "resources": [
        {
            "type": "Microsoft.Logic/workflows",
            "apiVersion": "2017-07-01",
            "name": "[parameters('workflows_account_post_name')]",
            "location": "uksouth",
            "properties": {
                "state": "Enabled",
                "definition": {
                    "$schema": "https://schema.management.azure.com/providers/Microsoft.Logic/schemas/2016-06-01/workflowdefinition.json#",
                    "contentVersion": "1.0.0.0",
                    "parameters": {},
                    "triggers": {
                        "manual": {
                            "type": "Request",
                            "kind": "Http",
                            "inputs": {
                                "schema": {}
                            }
                        }
                    },
                    "actions": {
                        "Response": {
                            "runAfter": {},
                            "type": "Response",
                            "kind": "Http",
                            "inputs": {
                                "body": {
                                    "accounts": {
                                        "accountid": "@{utcNow()}"
                                    }
                                },
                                "schema": {
                                    "properties": {
                                        "accounts": {
                                            "properties": {
                                                "accountid": {
                                                    "type": "string"
                                                }
                                            },
                                            "type": "object"
                                        }
                                    },
                                    "type": "object"
                                },
                                "statusCode": 200
                            }
                        }
                    },
                    "outputs": {}
                },
                "parameters": {}
            }
        }
    ]
}