{
    "$schema": "https://schema.management.azure.com/schemas/2019-04-01/deploymentTemplate.json#",
    "contentVersion": "1.0.0.0",
    "parameters": {
        "servers_zensartrainingserver_name": {
            "defaultValue": "zensartrainingserver",
            "type": "String"
        }
    },
    "variables": {},
    "resources": [
        {
            "type": "Microsoft.Sql/servers/databases",
            "apiVersion": "2020-08-01-preview",
            "name": "[concat(parameters('servers_zensartrainingserver_name'), '/Staging Database')]",
            "location": "uksouth",
            "sku": {
                "name": "GP_S_Gen5",
                "tier": "GeneralPurpose",
                "family": "Gen5",
                "capacity": 1
            },
            "kind": "v12.0,user,vcore,serverless",
            "properties": {
                "collation": "SQL_Latin1_General_CP1_CI_AS",
                "maxSizeBytes": 268435456000,
                "catalogCollation": "SQL_Latin1_General_CP1_CI_AS",
                "zoneRedundant": false,
                "readScale": "Disabled",
                "autoPauseDelay": 60,
                "storageAccountType": "GRS",
                "minCapacity": 0.5,
                "maintenanceConfigurationId": "/subscriptions/2cd59c1a-f8c5-487f-af3d-6b911a0376ce/providers/Microsoft.Maintenance/publicMaintenanceConfigurations/SQL_Default"
            }
        },
        {
            "type": "Microsoft.Sql/servers/databases/advisors",
            "apiVersion": "2014-04-01",
            "name": "[concat(parameters('servers_zensartrainingserver_name'), '/Staging Database/CreateIndex')]",
            "dependsOn": [
                "[resourceId('Microsoft.Sql/servers/databases', parameters('servers_zensartrainingserver_name'), 'Staging Database')]"
            ],
            "properties": {
                "autoExecuteValue": "Disabled"
            }
        },
        {
            "type": "Microsoft.Sql/servers/databases/advisors",
            "apiVersion": "2014-04-01",
            "name": "[concat(parameters('servers_zensartrainingserver_name'), '/Staging Database/DbParameterization')]",
            "dependsOn": [
                "[resourceId('Microsoft.Sql/servers/databases', parameters('servers_zensartrainingserver_name'), 'Staging Database')]"
            ],
            "properties": {
                "autoExecuteValue": "Disabled"
            }
        },
        {
            "type": "Microsoft.Sql/servers/databases/advisors",
            "apiVersion": "2014-04-01",
            "name": "[concat(parameters('servers_zensartrainingserver_name'), '/Staging Database/DefragmentIndex')]",
            "dependsOn": [
                "[resourceId('Microsoft.Sql/servers/databases', parameters('servers_zensartrainingserver_name'), 'Staging Database')]"
            ],
            "properties": {
                "autoExecuteValue": "Disabled"
            }
        },
        {
            "type": "Microsoft.Sql/servers/databases/advisors",
            "apiVersion": "2014-04-01",
            "name": "[concat(parameters('servers_zensartrainingserver_name'), '/Staging Database/DropIndex')]",
            "dependsOn": [
                "[resourceId('Microsoft.Sql/servers/databases', parameters('servers_zensartrainingserver_name'), 'Staging Database')]"
            ],
            "properties": {
                "autoExecuteValue": "Disabled"
            }
        },
        {
            "type": "Microsoft.Sql/servers/databases/advisors",
            "apiVersion": "2014-04-01",
            "name": "[concat(parameters('servers_zensartrainingserver_name'), '/Staging Database/ForceLastGoodPlan')]",
            "dependsOn": [
                "[resourceId('Microsoft.Sql/servers/databases', parameters('servers_zensartrainingserver_name'), 'Staging Database')]"
            ],
            "properties": {
                "autoExecuteValue": "Enabled"
            }
        },
        {
            "type": "Microsoft.Sql/servers/databases/auditingPolicies",
            "apiVersion": "2014-04-01",
            "name": "[concat(parameters('servers_zensartrainingserver_name'), '/Staging Database/Default')]",
            "location": "UK South",
            "dependsOn": [
                "[resourceId('Microsoft.Sql/servers/databases', parameters('servers_zensartrainingserver_name'), 'Staging Database')]"
            ],
            "properties": {
                "auditingState": "Disabled"
            }
        },
        {
            "type": "Microsoft.Sql/servers/databases/auditingSettings",
            "apiVersion": "2020-08-01-preview",
            "name": "[concat(parameters('servers_zensartrainingserver_name'), '/Staging Database/Default')]",
            "dependsOn": [
                "[resourceId('Microsoft.Sql/servers/databases', parameters('servers_zensartrainingserver_name'), 'Staging Database')]"
            ],
            "properties": {
                "retentionDays": 0,
                "isAzureMonitorTargetEnabled": false,
                "state": "Disabled",
                "storageAccountSubscriptionId": "00000000-0000-0000-0000-000000000000"
            }
        },
        {
            "type": "Microsoft.Sql/servers/databases/backupLongTermRetentionPolicies",
            "apiVersion": "2020-08-01-preview",
            "name": "[concat(parameters('servers_zensartrainingserver_name'), '/Staging Database/default')]",
            "dependsOn": [
                "[resourceId('Microsoft.Sql/servers/databases', parameters('servers_zensartrainingserver_name'), 'Staging Database')]"
            ],
            "properties": {
                "weeklyRetention": "PT0S",
                "monthlyRetention": "PT0S",
                "yearlyRetention": "PT0S",
                "weekOfYear": 0
            }
        },
        {
            "type": "Microsoft.Sql/servers/databases/backupShortTermRetentionPolicies",
            "apiVersion": "2020-08-01-preview",
            "name": "[concat(parameters('servers_zensartrainingserver_name'), '/Staging Database/default')]",
            "dependsOn": [
                "[resourceId('Microsoft.Sql/servers/databases', parameters('servers_zensartrainingserver_name'), 'Staging Database')]"
            ],
            "properties": {
                "retentionDays": 7
            }
        },
        {
            "type": "Microsoft.Sql/servers/databases/extendedAuditingSettings",
            "apiVersion": "2020-08-01-preview",
            "name": "[concat(parameters('servers_zensartrainingserver_name'), '/Staging Database/Default')]",
            "dependsOn": [
                "[resourceId('Microsoft.Sql/servers/databases', parameters('servers_zensartrainingserver_name'), 'Staging Database')]"
            ],
            "properties": {
                "retentionDays": 0,
                "isAzureMonitorTargetEnabled": false,
                "state": "Disabled",
                "storageAccountSubscriptionId": "00000000-0000-0000-0000-000000000000"
            }
        },
        {
            "type": "Microsoft.Sql/servers/databases/geoBackupPolicies",
            "apiVersion": "2014-04-01",
            "name": "[concat(parameters('servers_zensartrainingserver_name'), '/Staging Database/Default')]",
            "location": "UK South",
            "dependsOn": [
                "[resourceId('Microsoft.Sql/servers/databases', parameters('servers_zensartrainingserver_name'), 'Staging Database')]"
            ],
            "properties": {
                "state": "Enabled"
            }
        },
        {
            "type": "Microsoft.Sql/servers/databases/securityAlertPolicies",
            "apiVersion": "2020-08-01-preview",
            "name": "[concat(parameters('servers_zensartrainingserver_name'), '/Staging Database/Default')]",
            "dependsOn": [
                "[resourceId('Microsoft.Sql/servers/databases', parameters('servers_zensartrainingserver_name'), 'Staging Database')]"
            ],
            "properties": {
                "state": "Disabled"
            }
        },
        {
            "type": "Microsoft.Sql/servers/databases/transparentDataEncryption",
            "apiVersion": "2014-04-01",
            "name": "[concat(parameters('servers_zensartrainingserver_name'), '/Staging Database/current')]",
            "location": "UK South",
            "dependsOn": [
                "[resourceId('Microsoft.Sql/servers/databases', parameters('servers_zensartrainingserver_name'), 'Staging Database')]"
            ],
            "properties": {
                "status": "Enabled"
            }
        },
        {
            "type": "Microsoft.Sql/servers/databases/vulnerabilityAssessments",
            "apiVersion": "2020-08-01-preview",
            "name": "[concat(parameters('servers_zensartrainingserver_name'), '/Staging Database/Default')]",
            "dependsOn": [
                "[resourceId('Microsoft.Sql/servers/databases', parameters('servers_zensartrainingserver_name'), 'Staging Database')]"
            ],
            "properties": {
                "recurringScans": {
                    "isEnabled": false,
                    "emailSubscriptionAdmins": true,
                    "emails": []
                }
            }
        }
    ]
}